Workbook

Sheet 1
Z2: SHIRORO OPERATIONS REGION HOURLY READINGS
A10: 46113 | D10: SHIRORO 330/132KV TS | BD10: SHIRORO II TS | BM10: JEBBA 330/132KV TS | DE10: JEBBA 132/33KV | DN10: KAINJI/FAKUM 330132KV | EE10: ZUNGERU 330/132KV TS | GA10: MARARABA 33KV TS | GZ10: MINNA 132KV TS | HY10: TEGINA 132KV | IH10: BIDA 132KV TS | IY10: DOGON GARI 132KV TS | JP10: KONTAGORA 132KV TS | KG10: YAURI 132KV TS | KX10: SOKOTO 132KV TS | LP10: BIRNIN KEBBI 330/132KV TS | MP10: BIRNIN KEBBI 132KV TS
E12: 2SHR TR1 | L12: 2SHR TR2 | S12: 2SHR-KTP 1 | W12: 2SHR-GWA1 | AA12: 2SHR-MND1 | AE12: 2SHR-MND2 | AI12: 2SHR-MRB1 | AM12: 2SHR-MRB2 | AQ12: 3SHR-MNA1 | AU12: 3SHR-MNA2 | AY12: 3SHR-TEG1 | BD12: 3SHRTR1 | BM12: 2JEB TR1 | BU12: 2JEB-JEG 1 | BY12: 2JEB-JEG 2 | CC12: 2JEB-KNJ1 | CG12: 2JEB-KNJ2 | CK12: 2JEB-SGB1 | CO12: 2JEB-SGB2 | CS12: 2JEB-GAM 1 | CW12: 2JEB-MRB 1 | DA12: 2JEB-MRB 2 | DE12: 3JEBTR2 | DN12: 2FAK TR1 | DV12: 2KNJ-JEB 1 | DZ12: 2KNJ -JEB 2 | EE12: 2ZGU TR 1 | EM12: 2ZGU TR 2 | ET12: CCT 1ZGU1 | EX12: CCT 1ZGU 2 | FB12: CCT 1ZGU 3 | FF12: CCT 1ZGU 4 | FJ12: 2ZGU-MRB1 | FN12: 2ZGU-MRB2 | FR12: 3ZGU-TEG1 | FV12: 3ZGU-TEG | GA12: 2MRB- SHR1 | GE12: 2MRB- SHR2 | GI12: 2MRB-ZGU1 | GM12: 2 MRB-ZGU2 | GQ12: 2MRB-JEB1 | GU12: 2 MRB-JEB2 | GZ12: 3MNA TR1 | HH12: 3MNA TR2 | HP12: 3MNA TR1 | HY12: 3TEG TR1 | IH12: 3BDA TR5 | IP12: 3BDA TR2 | IY12: 3DGR TR1 | JG12: 3DGR TR2 | JP12: 3KNT TR1 | JX12: 3KNT TR2 | KG12: 3YUR TR1 | KO12: 3YAU TR2 | KX12: 3SOK TR1 | LF12: 3SOK TR3 | LP12: 2KNJ-BRK1 | LS12: 2BRK TR1 | MA12: 2BRK TR2 | MH12: 2BRK TR3 | MP12: 3BRK TR4 | NA12: 3BRKTR5 | NI12: 3BRKTR6
A13: TIME (HRS | C13: FREQ. (HZ) | D13: 330KV | E13: 132KV | F13: AMP | G13: MW | H13: MX | I13: TAP | J13: WIND | K13: OIL | L13: 132KV | M13: AMP | N13: MW | O13: MX | P13: TAP | Q13: WIND | R13: OIL | S13: 330KV | T13: AMP | U13: MW | V13: MX | W13: 330KV | X13: AMP | Y13: MW | Z13: MX | AA13: 330KV | AB13: AMP | AC13: MW | AD13: MX | AE13: 330KV | AF13: AMP | AG13: MW | AH13: MX | AI13: 330KV | AJ13: AMP | AK13: MW | AL13: MX | AM13: 330KV | AN13: AMP | AO13: MW | AP13: MX | AQ13: 132KV | AR13: AMP | AS13: MW | AT13: MX | AU13: 132KV | AV13: AMP | AW13: MW | AX13: MX | AY13: 132KV | AZ13: AMP | BA13: MW | BB13: MX | BD13: 132KV | BE13: 33KV | BF13: AMP | BG13: MW | BH13: MX | BI13: TAP | BJ13: WIND | BK13: OIL | BM13: 330KV | BN13: 132KV | BO13: AMP | BP13: MW | BQ13: MX | BR13: TAP | BS13: WIND | BT13: OIL | BU13: 330KV | BV13: AMP | BW13: MW | BX13: MX | BY13: 330KV | BZ13: AMP | CA13: MW | CB13: MX | CC13: 330KV | CD13: AMP | CE13: MW | CF13: MX | CG13: 330KV | CH13: AMP | CI13: MW | CJ13: MX | CK13: 330KV | CL13: AMP | CM13: MW | CN13: MX | CO13: 330KV | CP13: AMP | CQ13: MW | CR13: MX | CS13: 330KV | CT13: AMP | CU13: MW | CV13: MX | CW13: 330KV | CX13: AMP | CY13: MW | CZ13: MX | DA13: 330KV | DB13: AMP | DC13: MW | DD13: MX | DE13: 132KV | DF13: 33KV | DG13: AMP | DH13: MW | DI13: MX | DJ13: TAP | DK13: WIND | DL13: OIL | DN13: 330KV | DO13: 132KV | DP13: AMP | DQ13: MW | DR13: MX | DS13: TAP | DT13: WIND | DU13: OIL | DV13: 330KV | DW13: AMP | DX13: MW | DY13: MX | DZ13: 330KV | EA13: AMP | EB13: MW | EC13: MX | EE13: 330KV | EF13: 132KV | EG13: AMP | EH13: MW | EI13: MX | EJ13: TAP | EK13: WIND | EL13: OIL | EN13: AMP | EO13: MW | EP13: MX | EQ13: TAP | ER13: WIND | ES13: OIL | ET13: 330KV | EU13: AMP | EV13: MW | EW13: MX | EX13: 330KV | EY13: AMP | EZ13: MW | FA13: MX | FB13: 330KV | FC13: AMP | FD13: MW | FE13: MX | FF13: 330KV | FG13: AMP | FH13: MW | FI13: MX | FJ13: 330KV | FK13: AMP | FL13: MW | FM13: MX | FN13: 330KV | FO13: AMP | FP13: MW | FQ13: MX | FR13: 132KV | FS13: AMP | FT13: MW | FU13: MX | FV13: 132KV | FW13: AMP | FX13: MW | FY13: MX | GA13: 330KV | GB13: AMP | GC13: MW | GD13: MX | GE13: 330KV | GF13: AMP | GG13: MW | GH13: MX | GI13: 330KV | GJ13: AMP | GK13: MW | GL13: MX | GM13: 330KV | GN13: AMP | GO13: MW | GP13: MX | GQ13: 330KV | GR13: AMP | GS13: MW | GT13: MX | GU13: 330KV | GV13: AMP | GW13: MW | GX13: MX | GZ13: 132KV | HA13: 33KV | HB13: AMP | HC13: MW | HD13: MX | HE13: TAP | HF13: WIND | HG13: OIL | HH13: 132KV | HI13: 33KV | HJ13: AMP | HK13: MW | HL13: MX | HM13: TAP | HN13: WIND | HO13: OIL | HP13: 132KV | HQ13: 33KV | HR13: AMP | HS13: MW | HT13: MX | HU13: TAP | HV13: WIND | HW13: OIL | HY13: 132KV | HZ13: 33KV | IA13: AMP | IB13: MW | IC13: MX | ID13: TAP | IE13: WIND | IF13: OIL | IH13: 132KV | II13: 33KV | IJ13: AMP | IK13: MW | IL13: MX | IM13: TAP | IN13: WIND | IO13: OIL | IP13: 132KV | IQ13: 33KV | IR13: AMP | IS13: MW | IT13: MX | IU13: TAP | IV13: WIND | IW13: OIL | IY13: 132KV | IZ13: 33KV | JA13: AMP | JB13: MW | JC13: MX | JD13: TAP | JE13: WIND | JF13: OIL | JG13: 132KV | JH13: 33KV | JI13: AMP | JJ13: MW | JK13: MX | JL13: TAP | JM13: WIND | JN13: OIL | JP13: 132KV | JQ13: 33KV | JR13: AMP | JS13: MW | JT13: MX | JU13: TAP | JV13: WIND | JW13: OIL | JX13: 132KV | JY13: 33KV | JZ13: AMP | KA13: MW | KB13: MX | KC13: TAP | KD13: WIND | KE13: OIL | KG13: 132KV | KH13: 33KV | KI13: AMP | KJ13: MW | KK13: MX | KL13: TAP | KM13: WIND | KN13: OIL | KO13: 132KV | KP13: 33KV | KQ13: AMP | KR13: MW | KS13: MX | KT13: TAP | KU13: WIND | KV13: OIL | KX13: 132KV | KY13: 33KV | KZ13: AMP | LA13: MW | LB13: MX | LC13: TAP | LD13: WIND | LE13: OIL | LF13: 132KV | LG13: 33KV | LH13: AMP | LI13: MW | LJ13: MX | LK13: TAP | LL13: WIND | LM13: OIL | LO13: 330KV | LP13: AMP | LQ13: MW | LR13: MX | LS13: 330KV | LT13: MW | LU13: MX | LV13: KV | LW13: AMP | LX13: WIND | LY13: OIL | LZ13: TAP | MA13: MW | MB13: MX | MC13: KV | MD13: AMP | ME13: WIND | MF13: OIL | MG13: TAP | MH13: MW | MI13: MX | MJ13: KV | MK13: AMP | ML13: WIND | MM13: OIL | MN13: TAP | MT13: MW | MU13: MX | MV13: AMP | MW13: 33KV | MX13: WIND | MY13: OIL | MZ13: TAP | NB13: MW | NC13: MX | ND13: AMP | NE13: 33KV | NF13: WIND | NG13: OIL | NH13: TAP | NJ13: MW | NK13: MX | NL13: AMP | NM13: 33KV | NN13: WIND | NO13: OIL | NP13: TAP
A14: 0.041666667 | C14: 50.11 | D14: 340 | E14: 135 | F14: 51 | G14: 10.8 | I14: 6 | J14: 48 | K14: 47 | L14: 140 | M14: 67 | N14: 16.9 | P14: 6 | Q14: 54 | R14: 48 | S14: 343.4 | T14: 214.7 | U14: 129.9 | W14: 376.8 | X14: 142.7 | Y14: 88.3 | AA14: 342.8 | AB14: 289.6 | AC14: 184.8 | AE14: 342.5 | AF14: 320.1 | AG14: 166.1 | AI14: 348.6 | AJ14: 368.3 | AK14: 229.6 | AM14: 341.2 | AN14: 391.1 | AO14: 217.9 | AQ14: 135 | AR14: =F14 -> 51 | AS14: =G14 -> 10.8 | AU14: =L14 -> 140 | AV14: =M14 -> 67 | AW14: =N14 -> 16.9 | AY14: 135 | BE14: 33 | BF14: 245 | BG14: 2.7 | BI14: 22 | BJ14: 85 | BK14: 59 | BM14: 346 | BN14: 146 | BO14: 266 | BP14: 13.3 | BR14: 6 | BS14: 58 | BT14: 56 | BU14: =BM14 -> 346 | BV14: 284 | BW14: 167 | BX14: 36 | BY14: 339 | BZ14: 304 | CA14: 167 | CB14: 34 | CC14: 346 | CD14: 272 | CE14: 158 | CF14: 6 | CG14: 339 | CH14: 278 | CI14: 156 | CJ14: 6 | CK14: 353 | CL14: 133 | CM14: 89 | CN14: 7 | CO14: 336 | CP14: 273 | CQ14: 136 | CR14: 11 | CS14: 340 | CT14: 261 | CU14: 165 | CV14: 70 | CW14: 342 | CX14: 185 | CY14: 90 | CZ14: 54 | DA14: 328 | DB14: 195 | DC14: 90 | DD14: 54 | DE14: =BN14 -> 146 | DF14: 35 | DG14: =BO14 -> 266 | DH14: =BP14 -> 13.3 | DJ14: 7 | DK14: 60 | DL14: 53 | DM14: 5 | DN14: 343 | DO14: 142 | DP14: 36.13 | DQ14: 21.74 | DR14: 5.43 | DS14: 8 | DT14: 40 | DU14: 45.5 | EE14: 342 | EF14: 137 | EG14: 58 | EH14: 2.9 | EJ14: 9 | EK14: 46 | EL14: 48 | EN14: 106 | EO14: 4.7 | EQ14: 9 | ER14: 46 | ES14: 48 | ET14: 342 | EU14: 234 | EV14: 137.7 | EW14: -2.2 | EX14: 341 | EY14: 0 | EZ14: 0 | FA14: 0 | FB14: 341 | FC14: 4.02 | FD14: 2.04 | FE14: -0.9 | FF14: 340 | FG14: 0 | FH14: 0 | FI14: 0 | FJ14: 340 | FK14: 219 | FL14: 127.2 | FN14: 342 | FO14: 200 | FP14: 127.6 | FQ14: 7.2 | FR14: 137 | FS14: 100 | FT14: 20.11 | FV14: 137 | GA14: 343 | GB14: 298.36 | GC14: 188.04 | GD14: 24.46 | GE14: 342 | GF14: 316.09 | GG14: 185.27 | GH14: 28.73 | GI14: 342 | GJ14: 197.24 | GK14: -114.16 | GL14: 16.33 | GM14: 342 | GN14: 181.12 | GO14: -113.49 | GP14: -20.86 | GQ14: 343 | GR14: 112.25 | GS14: -73.12 | GT14: -7.87 | GU14: 342 | GV14: 123.09 | GW14: -72.12 | GX14: -8.71 | GZ14: 134KV | HA14: 34KV | HB14: 140 | HC14: 7 | HD14: 2.8 | HE14: 8 | HF14: 48 | HG14: 46 | HH14: 134KV | HI14: 34KV | HJ14: 41 | HK14: 2.05 | HL14: 0.82 | HM14: 5 | HN14: 58 | HO14: 58 | HP14: 134KV | HQ14: 34KV | HR14: 184 | HS14: 9.2 | HT14: 4.6 | HU14: 7 | HV14: 48 | HW14: 48 | HY14: 135 | HZ14: 33 | IA14: 104 | IB14: 5.2 | ID14: 2 | IE14: 58 | IF14: 48 | IH14: 141 | II14: 32.9 | IJ14: 109 | IK14: 5.3 | IL14: 6 | IM14: 4 | IN14: 47 | IO14: 46 | IP14: 141 | IQ14: 35.2 | IR14: 3 | IS14: 0.2 | IT14: 0.3 | IU14: 12 | IV14: 48 | IW14: 47 | IY14: 141.01 | IZ14: 35.29 | JC14: 4.86 | JD14: 3 | JE14: 62.71 | JF14: 44.22 | JG14: ON | JH14: ON | JI14: ON | JJ14: ON | JK14: ON | JL14: ON | JM14: ON | JN14: ON | JP14: 138 | JQ14: 32.5 | JR14: 0 | JS14: 0 | JT14: 0 | JU14: 2 | JV14: 34 | JW14: 34 | JX14: 138 | JY14: 33.9 | JZ14: 127 | KA14: 6.7 | KB14: 2.4 | KC14: 2 | KD14: 44 | KE14: 44 | KG14: O/S | KH14: O/S | KI14: O/S | KJ14: O/S | KL14: 1 | KM14: O/S | KN14: O/S | KO14: 136 | KP14: 33 | KQ14: 152 | KR14: 8.1 | KT14: 1 | KU14: 40 | KV14: 38 | KX14: 134 | KY14: 33 | KZ14: 169 | LA14: 8.3 | LB14: 2 | LC14: 3 | LD14: 49 | LE14: 49 | LF14: 134 | LG14: 33 | LH14: 259 | LI14: 12.7 | LJ14: 5 | LK14: 5 | LL14: 48 | LM14: 50 | LO14: 345 | LP14: 201 | LQ14: 117 | LR14: 74 | LS14: 334 | LT14: 51 | LU14: 5 | LV14: 142 | LW14: 90 | LX14: 52 | LY14: 50 | LZ14: 10 | MA14: 66 | MB14: 10 | MC14: 139 | MD14: 111 | ME14: 54 | MF14: 50 | MG14: 8 | MH14: TS | MI14: TS | MJ14: TS | MK14: TS | ML14: 40 | MM14: 40 | MN14: 5 | MT14: 12.2 | MU14: 4.5 | MV14: 210 | MW14: 36 | MX14: 44 | MY14: DEFECTIVE | MZ14: 5 | NB14: 14 | NC14: 5.8 | ND14: 254 | NE14: 36 | NF14: 44 | NG14: 45 | NH14: 6 | NJ14: TS | NK14: TS | NL14: TS | NM14: TS | NN14: 44 | NO14: 49 | NP14: 4
A15: 0.083333333 | C15: 50.13 | D15: 340 | E15: 135 | F15: 50 | G15: 10.8 | I15: 6 | J15: 48 | K15: 47 | L15: 140 | M15: 62 | N15: 15.9 | P15: 6 | Q15: 54 | R15: 48 | S15: 344.1 | T15: 223.6 | U15: 135.8 | W15: 377.4 | X15: 150.5 | Y15: 94.9 | AA15: 344.1 | AB15: 275.4 | AC15: 177.3 | AE15: 343.8 | AF15: 309.6 | AG15: 161.2 | AI15: 349.7 | AJ15: 357.3 | AK15: 225.1 | AM15: 342.5 | AN15: 380.2 | AO15: 212.6 | AQ15: 135 | AR15: =F15 -> 50 | AS15: =G15 -> 10.8 | AU15: =L15 -> 140 | AV15: =M15 -> 62 | AW15: =N15 -> 15.9 | AY15: 135 | BE15: 33 | BF15: 240 | BG15: 2.7 | BI15: 22 | BJ15: 85 | BK15: 59 | BM15: =BU15 -> 346 | BN15: 147 | BO15: 257 | BP15: 12.9 | BR15: 6 | BS15: 57 | BT15: 56 | BU15: 346 | BV15: 290 | BW15: 167 | BX15: 37 | BY15: 339 | BZ15: 305 | CA15: 168 | CB15: 35 | CC15: 346 | CD15: 282 | CE15: 102 | CF15: 4 | CG15: 339 | CH15: 288 | CI15: 161 | CJ15: 5 | CK15: 353 | CL15: 138 | CM15: 91 | CN15: 9 | CO15: 336 | CP15: 282 | CQ15: 140 | CR15: 11 | CS15: 339 | CT15: 276 | CU15: 74 | CV15: 79 | CW15: 343 | CX15: 183 | CY15: 89 | CZ15: 53 | DA15: 328 | DB15: 189 | DC15: 90 | DD15: 52 | DE15: =BN15 -> 147 | DF15: 35 | DG15: =BO15 -> 257 | DH15: =BP15 -> 12.9 | DJ15: 7 | DK15: 60 | DL15: 53 | DN15: 344 | DO15: 142 | DP15: 30.21 | DQ15: 17.38 | DR15: 3.67 | DS15: 8 | DT15: 36 | DU15: 46 | EE15: 343 | EF15: 137 | EG15: 68 | EH15: 2.9 | EJ15: 9 | EK15: 46 | EL15: 48 | EN15: 105 | EO15: 4.7 | EQ15: 9 | ER15: 46 | ES15: 48 | ET15: 343 | EU15: 235 | EV15: 137.5 | EW15: -1.1 | EX15: 341 | EY15: 0 | EZ15: 0 | FA15: 0 | FB15: 341 | FC15: 238 | FD15: 138 | FE15: -0.3 | FF15: 340 | FG15: 0 | FH15: 0 | FI15: 0 | FJ15: 340 | FK15: 219 | FL15: 127.2 | FN15: 342 | FO15: 200 | FP15: 127.8 | FQ15: 7.2 | FR15: 137 | FS15: 110 | FT15: 18.9 | FV15: 137 | GA15: 343 | GB15: 352.72 | GC15: 195.15 | GD15: 18.34 | GE15: 343 | GF15: 321.66 | GG15: 193.4 | GH15: 22.53 | GI15: 343 | GJ15: 194.17 | GK15: -113.16 | GL15: -13.57 | GM15: 343 | GN15: 212.63 | GO15: -112.99 | GP15: -20.02 | GQ15: 343 | GR15: 159.88 | GS15: 84.59 | GT15: 0 | GU15: 343 | GV15: 150.35 | GW15: -86.77 | GX15: -4.36 | GZ15: 134KV | HA15: 34KV | HB15: 100 | HC15: 5 | HD15: 2 | HE15: 8 | HF15: 48 | HG15: 46 | HH15: 134KV | HI15: 34KV | HJ15: 39 | HK15: 1.95 | HL15: 0.78 | HM15: 5 | HN15: 58 | HO15: 58 | HP15: 134KV | HQ15: 34KV | HR15: 185 | HS15: 9.25 | HT15: 4.625 | HU15: 7 | HV15: 48 | HW15: 48 | HY15: 135 | HZ15: 33 | IA15: 98 | IB15: 4.9 | ID15: 2 | IE15: 58 | IF15: 48 | IH15: 141 | II15: 32.9 | IJ15: 144 | IK15: 7.2 | IL15: 7.9 | IM15: 4 | IN15: 47 | IO15: 46 | IP15: 141 | IQ15: 35.3 | IR15: 3 | IS15: 0.2 | IT15: 0.3 | IU15: 12 | IV15: 48 | IW15: 47 | IY15: 141.54 | IZ15: 35.33 | JA15: 306.54 | JB15: 15.32 | JC15: 4.67 | JD15: 3 | JE15: 58.5 | JF15: 45.61 | JG15: ON | JH15: ON | JI15: ON | JJ15: ON | JK15: ON | JL15: ON | JM15: ON | JN15: ON | JP15: 136 | JQ15: 32.5 | JR15: 0 | JS15: 0 | JT15: 0 | JU15: 2 | JV15: 33 | JW15: 33 | JX15: 136 | JY15: 33.8 | JZ15: 128 | KA15: 6.2 | KB15: 2.1 | KC15: 2 | KD15: 44 | KE15: 43 | KG15: O/S | KH15: O/S | KI15: O/S | KJ15: O/S | KL15: 1 | KM15: O/S | KN15: O/S | KO15: 136 | KP15: 33 | KQ15: 142 | KR15: 7.7 | KT15: 1 | KU15: 40 | KV15: 38 | KX15: 131 | KY15: 33 | KZ15: 157 | LA15: 7.7 | LB15: 2 | LC15: 3 | LD15: 49 | LE15: 49 | LF15: 131 | LG15: 33 | LH15: 380 | LI15: 18.6 | LJ15: 5 | LK15: 5 | LL15: 48 | LM15: 50 | LO15: 346 | LP15: 194 | LQ15: 111 | LR15: 74 | LS15: 334 | LT15: 58 | LU15: 9.3 | LV15: 141 | LW15: 103 | LX15: 52 | LY15: 50 | LZ15: 10 | MA15: 53 | MB15: 14 | MC15: 140 | MD15: 91 | ME15: 52 | MF15: 49 | MG15: 8 | MH15: TS | MI15: TS | MJ15: TS | MK15: TS | ML15: 40 | MM15: 40 | MN15: 5 | MT15: 1.8 | MU15: 0.4 | MV15: 31 | MW15: 36 | MX15: 44 | MY15: DEFECTIVE | MZ15: 5 | NB15: 13.3 | NC15: 5.7 | ND15: 243 | NE15: 36 | NF15: 44 | NG15: 45 | NH15: 6 | NJ15: TS | NK15: TS | NL15: TS | NM15: TS | NN15: 44 | NO15: 49 | NP15: 4
A16: 0.125 | C16: 50.21 | D16: 340 | E16: 134 | F16: 78 | G16: 16.7 | I16: 6 | J16: 48 | K16: 47 | L16: 139 | M16: 77 | N16: 19.1 | P16: 6 | Q16: 54 | R16: 48 | S16: 342.1 | T16: 196.8 | U16: 119.5 | W16: 375.4 | X16: 125.3 | Y16: 73.4 | AA16: 342.1 | AB16: 305.9 | AC16: 192.9 | AE16: 342.2 | AF16: 339.5 | AG16: 173.5 | AI16: 347.5 | AJ16: 366.1 | AK16: 228.1 | AM16: 340.4 | AN16: 391.9 | AO16: 215.7 | AQ16: 134 | AR16: =F16 -> 78 | AS16: =G16 -> 16.7 | AU16: =L16 -> 139 | AV16: =M16 -> 77 | AW16: =N16 -> 19.1 | AY16: 134 | BE16: 33 | BF16: 226 | BG16: 2.5 | BI16: 22 | BJ16: 85 | BK16: 59 | BM16: 346 | BN16: 146 | BO16: 259 | BP16: 13 | BR16: 6 | BS16: 57 | BT16: 54 | BU16: =BM16 -> 346 | BV16: 286 | BW16: 168 | BX16: 31 | BY16: 339 | BZ16: 304 | CA16: 168 | CB16: 30 | CC16: 346 | CD16: 280 | CE16: 160 | CF16: 10 | CG16: 338 | CH16: 288 | CI16: 160 | CJ16: 7 | CK16: 352 | CL16: 133 | CM16: 89 | CN16: 6 | CO16: 336 | CP16: 276 | CQ16: 137 | CR16: 8 | CS16: 339 | CT16: 265 | CU16: 167 | CV16: 74 | CW16: 344 | CX16: 183 | CY16: 93 | CZ16: 52 | DA16: 328 | DB16: 189 | DC16: 92 | DD16: 46 | DE16: =BN16 -> 146 | DF16: 35 | DG16: =BO16 -> 259 | DH16: =BP16 -> 13 | DJ16: 7 | DK16: 61 | DL16: 54 | DN16: 344 | DO16: 142 | DP16: 29.73 | DQ16: 17.69 | DR16: 3.51 | DS16: 8 | DT16: 35 | DU16: 44.5 | EE16: 342 | EF16: 137 | EG16: 87 | EH16: 3.7 | EJ16: 9 | EK16: 46 | EL16: 48 | EN16: 105 | EO16: 4.7 | EQ16: 9 | ER16: 46 | ES16: 48 | ET16: 342 | EU16: 234 | EV16: 137.5 | EW16: -1.5 | EX16: 341 | EY16: 0 | EZ16: 0 | FA16: 0 | FB16: 341 | FC16: 237 | FD16: 138 | FE16: -0.9 | FF16: 340 | FG16: 0 | FH16: 0 | FI16: 0 | FJ16: 339 | FK16: 221 | FL16: 127.4 | FN16: 342 | FO16: 200 | FP16: 127.8 | FQ16: 7.8 | FR16: 137 | FS16: 109 | FT16: 17.71 | FV16: 137 | GA16: 342 | GB16: 335.87 | GC16: 195.66 | GD16: 19.43 | GE16: 342 | GF16: 344.66 | GG16: 195.15 | GH16: 22.53 | GI16: 342 | GJ16: 195.04 | GK16: -113.49 | GL16: -14.91 | GM16: 342 | GN16: 213.66 | GO16: -113.16 | GP16: -21.69 | GQ16: 342 | GR16: 161.49 | GS16: -85.35 | GT16: 0 | GU16: 342 | GV16: 144.63 | GW16: -82.42 | GX16: -4.36 | GZ16: 134KV | HA16: 34KV | HB16: 110 | HC16: 5.5 | HD16: 2.2 | HE16: 8 | HF16: 48 | HG16: 46 | HH16: 134KV | HI16: 34KV | HJ16: 96 | HK16: 4.8 | HL16: 1.92 | HM16: 5 | HN16: 58 | HO16: 58 | HP16: 134KV | HQ16: 34KV | HR16: 249 | HS16: 12.45 | HT16: 6.225 | HU16: 7 | HV16: 50 | HW16: 50 | HY16: 135 | HZ16: 33 | IA16: 92 | IB16: 4.6 | ID16: 2 | IE16: 58 | IF16: 48 | IH16: 140 | II16: 32.3 | IJ16: 184 | IK16: 9.3 | IL16: 10.1 | IM16: 4 | IN16: 47 | IO16: 46 | IP16: 140 | IQ16: 33.8 | IR16: 3 | IS16: 0.2 | IT16: 0.3 | IU16: 12 | IV16: 48 | IW16: 47 | IY16: 141.37 | IZ16: 35.51 | JA16: 300.02 | JB16: 15 | JC16: 4.67 | JD16: 3 | JE16: 54.48 | JF16: 45.61 | JG16: ON | JH16: ON | JI16: ON | JJ16: ON | JK16: ON | JL16: ON | JM16: ON | JN16: ON | JP16: 136 | JQ16: 32.5 | JR16: 0 | JS16: 0 | JT16: 0 | JU16: 2 | JV16: 33 | JW16: 33 | JX16: 136 | JY16: 34 | JZ16: 116 | KA16: 6.1 | KB16: 2.3 | KC16: 2 | KD16: 44 | KE16: 43 | KG16: O/S | KH16: O/S | KI16: O/S | KJ16: O/S | KL16: 1 | KM16: O/S | KN16: O/S | KO16: 135 | KP16: 32 | KQ16: 134 | KR16: 7.2 | KT16: 1 | KU16: 40 | KV16: 38 | KX16: 131 | KY16: 33 | KZ16: 157 | LA16: 7.7 | LB16: 2 | LC16: 3 | LD16: 49 | LE16: 49 | LF16: 131 | LG16: 33 | LH16: 376 | LI16: 18.4 | LJ16: 5 | LK16: 5 | LL16: 48 | LM16: 50 | LO16: 334 | LP16: 195 | LQ16: 109 | LR16: 73 | LS16: 343 | LT16: 55 | LU16: 1 | LV16: 144 | LW16: 67 | LX16: 45 | LY16: 41 | LZ16: 10 | MA16: 61 | MB16: 11.6 | MC16: 145 | MD16: 133 | ME16: 54 | MF16: 45 | MG16: 8 | MH16: TS | MI16: TS | MJ16: TS | MK16: TS | ML16: 40 | MM16: 40 | MN16: 5 | MT16: 2.2 | MU16: 0 | MV16: 42 | MW16: 36 | MX16: 34 | MY16: DEFECTIVE | MZ16: 5 | NB16: 9.1 | NC16: 3.2 | ND16: 158 | NE16: 36 | NF16: 44 | NG16: 45 | NH16: 6 | NJ16: TS | NK16: TS | NL16: TS | NM16: TS | NN16: 44 | NO16: 49 | NP16: 4
A17: 0.16666667 | C17: 50.27 | D17: 340 | E17: 136 | F17: 68 | G17: 14.9 | I17: 6 | J17: 48 | K17: 47 | L17: 140 | M17: 75 | N17: 18.7 | P17: 6 | Q17: 54 | R17: 48 | S17: 345.2 | T17: 174.1 | U17: 106.4 | W17: 378.6 | X17: 106.7 | Y17: 62.7 | AA17: 344.9 | AB17: 318.8 | AC17: 207.7 | AE17: 344.7 | AF17: 353.3 | AG17: 187.9 | AI17: 350.6 | AJ17: 365.3 | AK17: 230.8 | AM17: 343.2 | AN17: 387.9 | AO17: 218.7 | AQ17: 136 | AR17: =F17 -> 68 | AS17: =G17 -> 14.9 | AU17: =L17 -> 140 | AV17: =M17 -> 75 | AW17: =N17 -> 18.7 | AY17: 136 | BE17: 33 | BF17: 217 | BG17: 2.5 | BI17: 22 | BJ17: 85 | BK17: 59 | BM17: 346 | BN17: 147 | BO17: 272 | BP17: 13.6 | BR17: 6 | BS17: 57 | BT17: 56 | BU17: =BM17 -> 346 | BV17: 288 | BW17: 169 | BX17: 36 | BY17: 339 | BZ17: 305 | CA17: 168 | CB17: 34 | CC17: 345 | CD17: 260 | CE17: 156 | CF17: 4 | CG17: 338 | CH17: 256 | CI17: 154 | CJ17: 5 | CK17: 352 | CL17: 128 | CM17: 85 | CN17: 7 | CO17: 336 | CP17: 264 | CQ17: 130 | CR17: 9 | CS17: 339 | CT17: 256 | CU17: 161 | CV17: 72 | CW17: 346 | CX17: 198 | CY17: 98 | CZ17: 57 | DA17: 328 | DB17: 207 | DC17: 100 | DD17: 53 | DE17: =BN17 -> 147 | DF17: 35 | DG17: =BO17 -> 272 | DH17: =BP17 -> 13.6 | DJ17: 7 | DK17: 62 | DL17: 54 | DN17: 344 | DO17: 142 | DP17: 29.45 | DQ17: 16.96 | DR17: 3.44 | DS17: 8 | DT17: 34 | DU17: 44 | EE17: 342 | EF17: 137 | EG17: 87 | EH17: 3.7 | EJ17: 9 | EK17: 46 | EL17: 48 | EN17: 106 | EO17: 4.7 | EQ17: 9 | ER17: 46 | ES17: 48 | ET17: 342 | EU17: 234 | EV17: 137.5 | EW17: -0.5 | EX17: 342 | EY17: 0 | EZ17: 0 | FA17: 0 | FB17: 342 | FC17: 237 | FD17: 138 | FE17: -0.4 | FF17: 341 | FG17: 0 | FH17: 0 | FI17: 0 | FJ17: 341 | FK17: 220 | FL17: 128 | FN17: 343 | FO17: 202 | FP17: 128.3 | FQ17: 7.1 | FR17: 137 | FS17: 113 | FT17: 16.2 | FV17: 137 | GA17: 340 | GB17: 376.9 | GC17: 205.62 | GD17: 25.8 | GE17: 340 | GF17: 345.1 | GG17: 204.7 | GH17: 28.14 | GI17: 341 | GJ17: 194.17 | GK17: -113.66 | GL17: -12.23 | GM17: 342 | GN17: 192.55 | GO17: -112.82 | GP17: -20.44 | GQ17: 342 | GR17: 163.39 | GS17: -85.35 | GT17: -3.35 | GU17: 342 | GV17: 137.45 | GW17: -82.08 | GX17: -4.19 | GZ17: 134KV | HA17: 34KV | HB17: 109 | HC17: 5.45 | HD17: 2.18 | HE17: 8 | HF17: 48 | HG17: 46 | HH17: 134KV | HI17: 34KV | HJ17: 115 | HK17: 5.75 | HL17: 0 | HM17: 5 | HN17: 58 | HO17: 58 | HP17: 134KV | HQ17: 34KV | HR17: 240 | HS17: 12 | HT17: 6 | HU17: 7 | HV17: 50 | HW17: 50 | HY17: 135 | HZ17: 33 | IA17: 90 | IB17: 4.5 | ID17: 2 | IE17: 58 | IF17: 48 | IH17: 140 | II17: 32.7 | IJ17: 184 | IK17: 9.4 | IL17: 10.2 | IM17: 4 | IN17: 46 | IO17: 45 | IP17: 140 | IQ17: 35.2 | IR17: 3 | IS17: 0.2 | IT17: 0.3 | IU17: 12 | IV17: 47 | IW17: 46 | IY17: 141.42 | IZ17: 35.53 | JA17: 297.48 | JB17: 14.87 | JC17: 4.57 | JD17: 3 | JE17: 55.8 | JF17: 42.55 | JG17: ON | JH17: ON | JI17: ON | JJ17: ON | JK17: ON | JL17: ON | JM17: ON | JN17: ON | JP17: 137 | JQ17: 32.5 | JR17: 0 | JS17: 0 | JT17: 0 | JU17: 2 | JV17: 34 | JW17: 34 | JX17: 137 | JY17: 34.2 | JZ17: 113 | KA17: 5.9 | KB17: 2.3 | KC17: 2 | KD17: 43 | KE17: 43 | KG17: O/S | KH17: O/S | KI17: O/S | KJ17: O/S | KL17: 1 | KM17: O/S | KN17: O/S | KO17: 136 | KP17: 33 | KQ17: 105 | KR17: 5.7 | KT17: 1 | KU17: 40 | KV17: 38 | KX17: 129 | KY17: 32 | KZ17: 143 | LA17: 7 | LB17: 2 | LC17: 3 | LD17: 48 | LE17: 48 | LF17: 129 | LG17: 32 | LH17: 343 | LI17: 16.8 | LJ17: 5 | LK17: 5 | LL17: 49 | LM17: 49 | LO17: 335 | LP17: 200 | LQ17: 113 | LR17: 73 | LS17: 343 | LT17: 48 | LU17: 1.3 | LV17: 143 | LW17: 58 | LX17: 45 | LY17: 41 | LZ17: 10 | MA17: 58 | MB17: 12.3 | MC17: 143 | MD17: 124 | ME17: 53 | MF17: 45 | MG17: 8 | MH17: TS | MI17: TS | MJ17: TS | MK17: TS | ML17: 40 | MM17: 40 | MN17: 5 | MT17: 2.3 | MU17: 1 | MV17: 43 | MW17: 36 | MX17: 35 | MY17: DEFECTIVE | MZ17: 5 | NB17: 14 | NC17: 5.2 | ND17: 244 | NE17: 36 | NF17: 44 | NG17: 45 | NH17: 6 | NJ17: TS | NK17: TS | NL17: TS | NM17: TS | NN17: 44 | NO17: 49 | NP17: 4
A18: 0.20833333 | C18: 50.21 | D18: 339 | E18: 135 | F18: 70 | G18: 15.4 | I18: 6 | J18: 48 | K18: 47 | L18: 139 | M18: 79 | N18: 19.5 | P18: 6 | Q18: 54 | R18: 48 | S18: 343.1 | T18: 185.8 | U18: 113.2 | W18: 376.2 | X18: 112.6 | Y18: 65.7 | AA18: 342.9 | AB18: 349.4 | AC18: 227.2 | AE18: 342.9 | AF18: 392.8 | AG18: 206.6 | AI18: 348.3 | AJ18: 403.5 | AK18: 253.2 | AM18: 340.9 | AN18: 428.5 | AO18: 240.7 | AQ18: 135 | AR18: =F18 -> 70 | AS18: =G18 -> 15.4 | AU18: =L18 -> 139 | AV18: =M18 -> 79 | AW18: =N18 -> 19.5 | AY18: 135 | BE18: 33 | BF18: 234 | BG18: 2.6 | BI18: 22 | BJ18: 85 | BK18: 59 | BM18: 345 | BN18: 146 | BO18: 224 | BP18: 11.2 | BR18: 6 | BS18: 57 | BT18: 55 | BU18: =BM18 -> 345 | BV18: 355 | BW18: 205 | BX18: 36 | BY18: 338 | BZ18: 370 | CA18: 206 | CB18: 34 | CC18: 346 | CD18: 264 | CE18: 154 | CF18: 6 | CG18: 337 | CH18: 271 | CI18: 151 | CJ18: 7 | CK18: 352 | CL18: 136 | CM18: 90 | CN18: 8 | CO18: 335 | CP18: 278 | CQ18: 138 | CR18: 10 | CS18: 338 | CT18: 269 | CU18: 170 | CV18: 72 | CW18: 343 | CX18: 228 | CY18: 118 | CZ18: 60 | DA18: 327 | DB18: 238 | DC18: 120 | DD18: 48 | DE18: =BN18 -> 146 | DF18: 35 | DG18: =BO18 -> 224 | DH18: 11.2 | DJ18: 7 | DK18: 62 | DL18: 54 | DN18: 344 | DO18: 141 | DP18: 33.34 | DQ18: 18.91 | DR18: 4.78 | DS18: 8 | DT18: 37 | DU18: 39.7 | EE18: 342 | EF18: 137 | EG18: 84 | EH18: 3.5 | EJ18: 9 | EK18: 46 | EL18: 48 | EN18: 117 | EO18: 5.2 | EQ18: 9 | ER18: 46 | ES18: 48 | ET18: 342 | EU18: 235 | EV18: 137.6 | EW18: -0.9 | EX18: 341 | EY18: 0 | EZ18: 0 | FA18: 0 | FB18: 341 | FC18: 238 | FD18: 138 | FE18: -0.8 | FF18: 339 | FG18: 0 | FH18: 0 | FI18: 0 | FJ18: 340 | FK18: 220 | FL18: 126.7 | FN18: 342 | FO18: 200 | FP18: 127.3 | FQ18: 7.3 | FR18: 137 | FS18: 117 | FT18: 18.1 | FV18: 137 | GA18: 340 | GB18: 355.21 | GC18: 222.46 | GD18: 18.43 | GE18: 339 | GF18: 378.37 | GG18: 220.11 | GH18: 20.86 | GI18: 339 | GJ18: 207.94 | GK18: -117.51 | GL18: -21.44 | GM18: 339 | GN18: 189.92 | GO18: -117.01 | GP18: -27.97 | GQ18: 340 | GR18: 166.91 | GS18: -105.37 | GT18: 6.87 | GU18: 339 | GV18: 181.12 | GW18: -104.61 | GX18: 5.28 | GZ18: 134KV | HA18: 34KV | HB18: 81 | HC18: 4.05 | HD18: 1.62 | HE18: 8 | HF18: 48 | HG18: 48 | HH18: 134KV | HI18: 34KV | HJ18: 117 | HK18: 5.85 | HL18: 2.34 | HM18: 5 | HN18: 58 | HO18: 58 | HP18: 134KV | HQ18: 34KV | HR18: 148 | HS18: 7.4 | HT18: 3.7 | HU18: 7 | HV18: 54 | HW18: 54 | HY18: 135 | HZ18: 33 | IA18: 88 | IB18: 4.4 | ID18: 2 | IE18: 58 | IF18: 48 | IH18: 140 | II18: 32.7 | IJ18: 184 | IK18: 9.4 | IL18: 10.2 | IM18: 4 | IN18: 46 | IO18: 45 | IP18: 140 | IQ18: 35.2 | IR18: 3 | IS18: 0.2 | IT18: 0.3 | IU18: 12 | IV18: 47 | IW18: 46 | IY18: 141.28 | IZ18: 35.37 | JA18: 335.56 | JB18: 16.77 | JC18: 5.87 | JD18: 3 | JE18: 53.58 | JF18: 41.56 | JG18: ON | JH18: ON | JI18: ON | JJ18: ON | JK18: ON | JL18: ON | JM18: ON | JN18: ON | JP18: 137 | JQ18: 32.5 | JR18: 0 | JS18: 0 | JT18: 0 | JU18: 2 | JV18: 34 | JW18: 34 | JX18: 137 | JY18: 34.1 | JZ18: 115 | KA18: 6 | KB18: 2.2 | KC18: 2 | KD18: 43 | KE18: 43 | KG18: O/S | KH18: O/S | KI18: O/S | KJ18: O/S | KL18: 1 | KM18: O/S | KN18: O/S | KO18: 136 | KP18: 33 | KQ18: 142 | KR18: 7.8 | KT18: 1 | KU18: 40 | KV18: 38 | KX18: 132 | KY18: 33 | KZ18: 178 | LA18: 8.7 | LB18: 2 | LC18: 3 | LD18: 48 | LE18: 48 | LF18: 132 | LG18: 33 | LH18: 296 | LI18: 14.5 | LJ18: 5 | LK18: 5 | LL18: 49 | LM18: 49 | LO18: 335 | LP18: 183 | LQ18: 104 | LR18: 73 | LS18: 343 | LT18: 48 | LU18: 3.6 | LV18: 144 | LW18: 53 | LX18: 44 | LY18: 42 | LZ18: 10 | MA18: 59 | MB18: 0 | MC18: 143 | MD18: 136 | ME18: 54 | MF18: 45 | MG18: 8 | MH18: TS | MI18: TS | MJ18: TS | MK18: TS | ML18: 40 | MM18: 40 | MN18: 5 | MT18: 3 | MU18: 1 | MV18: 60 | MW18: 37 | MX18: 36 | MY18: DEFECTIVE | MZ18: 5 | NB18: 7.4 | NC18: 3.4 | ND18: 131 | NE18: 36 | NF18: 44 | NG18: 45 | NH18: 6 | NJ18: TS | NK18: TS | NL18: TS | NM18: TS | NN18: 44 | NO18: 49 | NP18: 4
A19: 0.25 | C19: 50 | D19: 341 | E19: 134 | F19: 64 | G19: 14.2 | I19: 6 | J19: 48 | K19: 47 | L19: 139 | M19: 86 | N19: 18.4 | P19: 6 | Q19: 54 | R19: 48 | S19: 341.5 | T19: 201.2 | U19: 121.8 | W19: 374.2 | X19: 125 | Y19: 75.2 | AA19: 340.6 | AB19: 384.3 | AC19: 212.1 | AE19: 340.9 | AF19: 379.4 | AG19: 193.7 | AI19: 346.5 | AJ19: 396.2 | AK19: 243.5 | AM19: 339.4 | AN19: 415.7 | AO19: 230.9 | AQ19: 134 | AR19: =F19 -> 64 | AS19: =G19 -> 14.2 | AU19: =L19 -> 139 | AV19: =M19 -> 86 | AW19: =N19 -> 18.4 | AY19: 134 | BE19: 33 | BF19: 272 | BG19: 3.1 | BI19: 22 | BJ19: 85 | BK19: 59 | BM19: 345 | BN19: 147 | BO19: =9+166+85 -> 260 | BP19: =260/20 -> 13 | BR19: 6 | BS19: 57 | BT19: 55 | BU19: =BM19 -> 345 | BV19: 347 | BW19: 205 | BX19: 33 | BY19: 337 | BZ19: 368 | CA19: 204 | CB19: 30 | CC19: 346 | CD19: 252 | CE19: 144 | CF19: 6 | CG19: 338 | CH19: 259 | CI19: 144 | CJ19: 7 | CK19: 351 | CL19: 140 | CM19: 93 | CN19: 7 | CO19: 355 | CP19: 285 | CQ19: 141 | CR19: 8 | CS19: 338 | CT19: 278 | CU19: 173 | CV19: 78 | CW19: 340 | CX19: 210 | CY19: 108 | CZ19: 57 | DA19: 327 | DB19: 216 | DC19: 109 | DD19: 47 | DE19: =BN19 -> 147 | DF19: 35 | DG19: =BO19 -> 260 | DH19: =BP19 -> 13 | DJ19: 7 | DK19: 62 | DL19: 54 | DN19: 343 | DO19: 141 | DP19: 41.28 | DQ19: 23.3 | DR19: 6.12 | DS19: 8 | DT19: 38 | DU19: 39.8 | EE19: 342 | EF19: 137 | EG19: 86 | EH19: 3.6 | EJ19: 9 | EK19: 46 | EL19: 48 | EN19: 103 | EO19: 4.6 | EQ19: 9 | ER19: 46 | ES19: 48 | ET19: 342 | EU19: 235 | EV19: 137.6 | EW19: -1.2 | EX19: 341 | EY19: 0 | EZ19: 0 | FA19: 0 | FB19: 341 | FC19: 237 | FD19: 138 | FE19: -1 | FF19: 340 | FG19: 0 | FH19: 0 | FI19: 0 | FJ19: 340 | FK19: 220 | FL19: 127 | FN19: 342 | FO19: 201 | FP19: 127.3 | FQ19: 7 | FR19: 137 | FS19: 96 | FT19: 21.91 | FV19: 137 | GA19: 341 | GB19: 389.06 | GC19: 241.47 | GD19: 23.37 | GE19: 341 | GF19: 368.43 | GG19: 215.67 | GH19: 27.3 | GI19: 341 | GJ19: 220.69 | GK19: -127.39 | GL19: -26.13 | GM19: 341 | GN19: 202.37 | GO19: -126.47 | GP19: -33 | GQ19: 341 | GR19: 176.87 | GS19: -111.73 | GT19: 0 | GU19: 341 | GV19: 192.41 | GW19: -110.88 | GX19: 0 | GZ19: 134KV | HA19: 34KV | HB19: 98 | HC19: 4.9 | HD19: 1.96 | HE19: 8 | HF19: 48 | HG19: 48 | HH19: 134KV | HI19: 34KV | HJ19: 124 | HK19: 6.2 | HL19: 2.48 | HM19: 5 | HN19: 58 | HO19: 58 | HP19: 134KV | HQ19: 34KV | HR19: 161 | HS19: 8.05 | HT19: 4.025 | HU19: 7 | HV19: 55 | HW19: 55 | HY19: 135 | HZ19: 33 | IA19: 94 | IB19: 4.7 | ID19: 2 | IE19: 58 | IF19: 48 | IH19: 140 | II19: 32.5 | IJ19: 172 | IK19: 8.6 | IL19: 9.4 | IM19: 4 | IN19: 46 | IO19: 45 | IP19: 140 | IQ19: 34.8 | IR19: 3 | IS19: 0.2 | IT19: 0.3 | IU19: 12 | IV19: 47 | IW19: 46 | IY19: 140.67 | IZ19: 35.12 | JA19: 341.84 | JB19: 17.09 | JC19: 7.26 | JD19: 3 | JE19: 57.53 | JF19: 41.56 | JG19: ON | JH19: ON | JI19: ON | JJ19: ON | JK19: ON | JL19: ON | JM19: ON | JN19: ON | JP19: 136 | JQ19: 32.5 | JR19: 0 | JS19: 0 | JT19: 0 | JU19: 2 | JV19: 35 | JW19: 35 | JX19: 136 | JY19: 33.8 | JZ19: 126 | KA19: 6.8 | KB19: 2.3 | KC19: 2 | KD19: 43 | KE19: 42 | KG19: O/S | KH19: O/S | KI19: O/S | KJ19: O/S | KL19: 1 | KM19: O/S | KN19: O/S | KO19: 136 | KP19: 33 | KQ19: 154 | KR19: 8.6 | KT19: 1 | KU19: 40 | KV19: 38 | KX19: 132 | KY19: 33 | KZ19: 194 | LA19: 9.5 | LB19: 2 | LC19: 3 | LD19: 48 | LE19: 48 | LF19: 132 | LG19: 33 | LH19: 320 | LI19: 15.7 | LJ19: 5 | LK19: 5 | LL19: 49 | LM19: 49 | LO19: 338 | LP19: 199 | LQ19: 113 | LR19: 73 | LS19: 343 | LT19: 49 | LU19: 0.5 | LV19: 143 | LW19: 64 | LX19: 45 | LY19: 43 | LZ19: 10 | MA19: 59 | MB19: 0.5 | MC19: 143 | MD19: 125 | ME19: 53 | MF19: 46 | MG19: 8 | MH19: TS | MI19: TS | MJ19: TS | MK19: TS | ML19: 40 | MM19: 40 | MN19: 5 | MT19: 1.7 | MU19: 0.1 | MV19: 42 | MW19: 37 | MX19: 36 | MY19: DEFECTIVE | MZ19: 5 | NB19: 13 | NC19: 4.7 | ND19: 241 | NE19: 35 | NF19: 44 | NG19: 45 | NH19: 6 | NJ19: TS | NK19: TS | NL19: TS | NM19: TS | NN19: 44 | NO19: 49 | NP19: 4
A20: 0.29166667 | C20: 50.34 | D20: 341 | E20: 136 | F20: 105 | G20: 23.5 | I20: 6 | J20: 48 | K20: 47 | L20: 141 | M20: 88 | N20: 22.2 | P20: 6 | Q20: 54 | R20: 48 | S20: 346.7 | T20: 193.1 | U20: 119.6 | W20: 380.5 | X20: 113.7 | Y20: 71.5 | AA20: 346.4 | AB20: 295.7 | AC20: 198.4 | AE20: 346.6 | AF20: 331.1 | AG20: 181.8 | AI20: 352.3 | AJ20: 372 | AK20: 236.2 | AM20: 344.6 | AN20: 394 | AO20: 226.1 | AQ20: 136 | AR20: =F20 -> 105 | AS20: =G20 -> 23.5 | AU20: =L20 -> 141 | AV20: =M20 -> 88 | AW20: =N20 -> 22.2 | AY20: 136 | BE20: 33 | BF20: 115 | BG20: 3.6 | BI20: 22 | BJ20: 81 | BK20: 54 | BM20: 346 | BN20: 147 | BO20: 293 | BP20: 14.7 | BR20: 6 | BS20: 57 | BT20: 56 | BU20: =BM20 -> 346 | BV20: 357 | BW20: 205 | BX20: 46 | BY20: 338 | BZ20: 372 | CA20: 206 | CB20: 42 | CC20: 346 | CD20: 260 | CE20: 148 | CF20: 4 | CG20: 338 | CH20: 267 | CI20: 148 | CJ20: 4 | CK20: 352 | CL20: 142 | CM20: 97 | CN20: 6 | CO20: 336 | CP20: 305 | CQ20: 151 | CR20: 8 | CS20: 339 | CT20: 300 | CU20: 186 | CV20: 87 | CW20: 342 | CX20: 193 | CY20: 93 | CZ20: 56 | DA20: 327 | DB20: 198 | DC20: 95 | DD20: 55 | DE20: =BN20 -> 147 | DF20: 35 | DG20: 293 | DH20: 14.7 | DJ20: 7 | DK20: 60 | DL20: 52 | DN20: 344 | DO20: 141 | DP20: 45.84 | DQ20: 26.33 | DR20: 7.97 | DS20: 8 | DT20: 34 | DU20: 38 | EE20: 342 | EF20: 137 | EG20: 71 | EH20: 3 | EJ20: 9 | EK20: 46 | EL20: 48 | EN20: 100 | EO20: 4.3 | EQ20: 9 | ER20: 46 | ES20: 48 | ET20: 342 | EU20: 234 | EV20: 137.9 | EW20: -4.4 | EX20: 343 | EY20: 0 | EZ20: 0 | FA20: 0 | FB20: 343 | FC20: 236 | FD20: 138 | FE20: -4 | FF20: 342 | FG20: 0 | FH20: 0 | FI20: 0 | FJ20: 342 | FK20: 220 | FL20: 127 | FN20: 342 | FO20: 202 | FP20: 127.8 | FQ20: 1.9 | FR20: 137 | FS20: 96 | FT20: 11.21 | FV20: 137 | GA20: 346 | GB20: 365.47 | GC20: 230.33 | GD20: 13.23 | GE20: 346 | GF20: 388.33 | GG20: 229.08 | GH20: 17.59 | GI20: 346 | GJ20: 225.43 | GK20: -131.92 | GL20: -16.67 | GM20: 346 | GN20: 208.53 | GO20: -131.5 | GP20: -24.21 | GQ20: 346 | GR20: 159.63 | GS20: -103.27 | GT20: 2.85 | GU20: 346 | GV20: 172.8 | GW20: -100.93 | GX20: 0 | GZ20: 134KV | HA20: 34KV | HB20: 114 | HC20: 5.7 | HD20: 2.28 | HE20: 8 | HF20: 50 | HG20: 48 | HH20: 134KV | HI20: 34KV | HJ20: 139 | HK20: 6.95 | HL20: 2.78 | HM20: 5 | HN20: 58 | HO20: 58 | HP20: 134KV | HQ20: 34KV | HR20: 317 | HS20: 15.85 | HT20: 7.925 | HU20: 7 | HV20: 55 | HW20: 55 | HY20: 136 | HZ20: 33 | IA20: 52 | IB20: 2.6 | ID20: 2 | IE20: 58 | IF20: 48 | IH20: 140 | II20: 32.5 | IJ20: 187 | IK20: 9.4 | IL20: 10.3 | IM20: 4 | IN20: 45 | IO20: 44 | IP20: 140 | IQ20: 35.1 | IR20: 3 | IS20: 0.2 | IT20: 0.3 | IU20: 12 | IV20: 46 | IW20: 45 | IY20: 140.96 | IZ20: 35.1 | JA20: 453.28 | JB20: 22.66 | JC20: 8.22 | JD20: 3 | JE20: 58.5 | JF20: 42.55 | JG20: ON | JH20: ON | JI20: ON | JJ20: ON | JK20: ON | JL20: ON | JM20: ON | JN20: ON | JP20: 140 | JQ20: 32.5 | JR20: 0 | JS20: 0 | JT20: 0 | JU20: 2 | JV20: 35 | JW20: 35 | JX20: 140 | JY20: 34.8 | JZ20: 145 | KA20: 7.8 | KB20: 2.9 | KC20: 2 | KD20: 43 | KE20: 42 | KG20: O/S | KH20: O/S | KI20: O/S | KJ20: O/S | KL20: 1 | KM20: O/S | KN20: O/S | KO20: 140 | KP20: 34 | KQ20: 15 | KR20: 0.7 | KT20: 1 | KU20: 40 | KV20: 38 | KX20: 131 | KY20: 33 | KZ20: 204 | LA20: 10 | LB20: 2 | LC20: 3 | LD20: 46 | LE20: 46 | LF20: 131 | LG20: 33 | LH20: 333 | LI20: 16.3 | LJ20: 5 | LK20: 5 | LL20: 44 | LM20: 45 | LO20: 343 | LP20: 316 | LQ20: 116 | LR20: 72 | LS20: 343 | LT20: 54 | LU20: 6.5 | LV20: 141 | LW20: 96 | LX20: 48 | LY20: 45 | LZ20: 10 | MA20: 62 | MB20: 13 | MC20: 139 | MD20: 120 | ME20: 52 | MF20: 45 | MG20: 8 | MH20: TS | MI20: TS | MJ20: TS | MK20: TS | ML20: 40 | MM20: 40 | MN20: 5 | MT20: 8 | MU20: 4.1 | MV20: 140 | MW20: 36 | MX20: 44 | MY20: DEFECTIVE | MZ20: 5 | NB20: 8 | NC20: 3.5 | ND20: 145 | NE20: 36 | NF20: 44 | NG20: 45 | NH20: 6 | NJ20: TS | NK20: TS | NL20: TS | NM20: TS | NN20: 44 | NO20: 49 | NP20: 4
A21: 0.33333333 | C21: 50.3 | D21: 340 | E21: 135 | F21: 53 | G21: 11.6 | I21: 6 | J21: 46 | K21: 46 | L21: 140 | M21: 71 | N21: 17.3 | P21: 6 | Q21: 55 | R21: 49 | S21: 344.4 | T21: 198.1 | U21: 120.5 | W21: 378.8 | X21: 112.5 | Y21: 74.8 | AA21: 345.2 | AB21: 307.2 | AC21: 201.4 | AE21: 344.7 | AF21: 344.1 | AG21: 185.2 | AI21: 350.1 | AJ21: 369.1 | AK21: 236 | AM21: 342.8 | AN21: 393.4 | AO21: 223.4 | AQ21: 135 | AR21: =F21 -> 53 | AS21: =G21 -> 11.6 | AU21: =L21 -> 140 | AV21: =M21 -> 71 | AW21: =N21 -> 17.3 | AY21: 135 | BE21: 33 | BF21: 121 | BG21: 4 | BI21: 22 | BJ21: 81 | BK21: 54 | BM21: 346 | BN21: 146 | BO21: 286 | BP21: 14.3 | BR21: 6 | BS21: 57 | BT21: 56 | BU21: =BM21 -> 346 | BV21: 347 | BW21: 205 | BX21: 33 | BY21: 338 | BZ21: 370 | CA21: 205 | CB21: 31 | CC21: 346 | CD21: 270 | CE21: 156 | CF21: 16 | CG21: 338 | CH21: 274 | CI21: 153 | CJ21: 8 | CK21: 352 | CL21: 147 | CM21: 98 | CN21: 1 | CO21: 335 | CP21: 303 | CQ21: 150 | CR21: 8 | CS21: 338 | CT21: 299 | CU21: 184 | CV21: 93 | CW21: 339 | CX21: 205 | CY21: 102 | CZ21: 58 | DA21: 327 | DB21: 211 | DC21: 104 | DD21: 53 | DE21: =BN21 -> 146 | DF21: 35 | DG21: =BO21 -> 286 | DH21: =BP21 -> 14.3 | DJ21: 7 | DK21: 60 | DL21: 52 | DN21: 343 | DO21: 141 | DP21: 34.78 | DQ21: 21.99 | DR21: 3.78 | DS21: 8 | DT21: 34 | DU21: 40.3 | EE21: 342 | EF21: 137 | EG21: 72 | EH21: 3.1 | EJ21: 9 | EK21: 46 | EL21: 48 | EN21: 100 | EO21: 4.3 | EQ21: 9 | ER21: 46 | ES21: 48 | ET21: 342 | EU21: 341 | EV21: 139.9 | EW21: -4.5 | EX21: 339 | EY21: 0 | EZ21: 0 | FA21: 0 | FB21: 339 | FC21: 241 | FD21: 139.3 | FE21: -10.2 | FF21: 339 | FG21: 0 | FH21: 0 | FI21: 0 | FJ21: 340 | FK21: 221 | FL21: 129 | FN21: 342 | FO21: 202 | FP21: 127.7 | FQ21: -1.5 | FR21: 137 | FS21: 96 | FT21: 15.41 | FV21: 137 | GA21: 341 | GB21: 375.44 | GC21: 284.93 | GD21: 17.09 | GE21: 341 | GF21: 386.57 | GG21: 222.12 | GH21: 26.3 | GI21: 341 | GJ21: 225.96 | GK21: -130.41 | GL21: -3.94 | GM21: 341 | GN21: 207.79 | GO21: -130.66 | GP21: -11.31 | GQ21: 341 | GR21: 154.75 | GS21: -95.48 | GT21: -15.75 | GU21: 341 | GV21: 168.67 | GW21: -94.98 | GX21: -16.5 | GZ21: 134KV | HA21: 34KV | HB21: 90 | HC21: 4.5 | HD21: 1.8 | HE21: 8 | HF21: 50 | HG21: 48 | HH21: 134KV | HI21: 34KV | HJ21: 44 | HK21: 2.2 | HL21: 0.88 | HM21: 5 | HN21: 58 | HO21: 58 | HP21: 134KV | HQ21: 34KV | HR21: 190 | HS21: 9.5 | HT21: 4.75 | HU21: 7 | HV21: 56 | HW21: 56 | HY21: 135 | HZ21: 33 | IA21: 50 | IB21: 2.5 | ID21: 2 | IE21: 58 | IF21: 48 | IH21: 141 | II21: 33.2 | IJ21: 10 | IK21: 0.5 | IL21: 0.5 | IM21: 4 | IN21: 45 | IO21: 44 | IP21: 141 | IQ21: 34.8 | IR21: 118 | IS21: 6.3 | IT21: 7 | IU21: 12 | IV21: 46 | IW21: 45 | IY21: 140.78 | IZ21: 35.27 | JA21: 422.8 | JB21: 21.14 | JC21: 6.72 | JD21: 3 | JE21: 60.62 | JF21: 44.22 | JG21: ON | JH21: ON | JI21: ON | JJ21: ON | JK21: ON | JL21: ON | JM21: ON | JN21: ON | JP21: 137 | JQ21: 32.5 | JR21: 0 | JS21: 0 | JT21: 0 | JU21: 2 | JV21: 38 | JW21: 36 | JX21: 137 | JY21: 34.1 | JZ21: 104 | KA21: 5.7 | KB21: 2.2 | KC21: 2 | KD21: 43 | KE21: 43 | KG21: O/S | KH21: O/S | KI21: O/S | KJ21: O/S | KL21: 1 | KM21: O/S | KN21: O/S | KO21: 136 | KP21: 33 | KQ21: 129 | KR21: 7 | KT21: 1 | KU21: 42 | KV21: 40 | KX21: 130 | KY21: 33 | KZ21: 241 | LA21: 11.8 | LB21: 2.1 | LC21: 3 | LD21: 46 | LE21: 46 | LF21: 130 | LG21: 33 | LH21: 343 | LI21: 16.8 | LJ21: 5 | LK21: 5 | LL21: 44 | LM21: 45 | LO21: 345 | LP21: 211 | LQ21: 123 | LR21: 73 | LS21: 333 | LT21: 53 | LU21: 8.5 | LV21: 141 | LW21: 94 | LX21: 47 | LY21: 45 | LZ21: 10 | MA21: 70 | MB21: 12.7 | MC21: 139 | MD21: 117 | ME21: 50 | MF21: 44 | MG21: 8 | MH21: TS | MI21: TS | MJ21: TS | MK21: TS | ML21: 40 | MM21: 40 | MN21: 5 | MT21: 7.5 | MU21: 2.5 | MV21: 126 | MW21: 36 | MX21: 34 | MY21: DEFECTIVE | MZ21: 5 | NB21: 8.9 | NC21: 4 | ND21: 162 | NE21: 36 | NF21: 44 | NG21: 45 | NH21: 6 | NJ21: TS | NK21: TS | NL21: TS | NM21: TS | NN21: 44 | NO21: 49 | NP21: 4
A22: 0.375 | C22: 50.42 | D22: 338 | E22: 133 | F22: 31 | G22: 6.8 | I22: 6 | J22: 46 | K22: 46 | L22: 138 | M22: 75 | N22: 18.1 | P22: 6 | Q22: 55 | R22: 49 | S22: 338.4 | T22: 243.8 | U22: 146.9 | W22: 371.2 | X22: 155.4 | Y22: 94.2 | AA22: SG | AE22: 339 | AF22: 610.4 | AG22: 331.9 | AI22: 344.1 | AJ22: 374.3 | AK22: 229.1 | AM22: 336.6 | AN22: 398.4 | AO22: 217.4 | AQ22: 133 | AR22: =F22 -> 31 | AS22: =G22 -> 6.8 | AU22: =L22 -> 138 | AV22: =M22 -> 75 | AW22: =N22 -> 18.1 | AY22: 133 | BE22: 33 | BF22: 129 | BG22: 4.2 | BI22: 22 | BJ22: 81 | BK22: 54 | BM22: 344 | BN22: 145 | BO22: 263 | BP22: 13.2 | BR22: 6 | BS22: 59 | BT22: 58 | BU22: =BM22 -> 344 | BV22: 343 | BW22: 204 | BX22: 24 | BY22: 336 | BZ22: 369 | CA22: 204 | CB22: 23 | CC22: 344 | CD22: 278 | CE22: 160 | CF22: 12 | CG22: 337 | CH22: 288 | CI22: 158 | CJ22: 12 | CK22: 350 | CL22: 153 | CM22: 102 | CN22: 2 | CO22: 334 | CP22: 318 | CQ22: 157 | CR22: 4 | CS22: 337 | CT22: 315 | CU22: 191 | CV22: 95 | CW22: 338 | CX22: 176 | CY22: 89 | CZ22: 48 | DA22: 325 | DB22: 182 | DC22: 90 | DD22: 41 | DE22: =BN22 -> 145 | DF22: 35 | DG22: =BO22 -> 263 | DH22: =BP22 -> 13.2 | DJ22: 7 | DK22: 60 | DL22: 54 | DN22: 343 | DO22: 141 | DP22: 38.68 | DQ22: 21.86 | DR22: 6.12 | DS22: 8 | DT22: 39 | DU22: 43 | EE22: 341 | EF22: 137 | EG22: 72 | EH22: 3.1 | EJ22: 9 | EK22: 46 | EL22: 48 | EN22: 97 | EO22: 5.1 | EQ22: 9 | ER22: 46 | ES22: 48 | ET22: 341 | EU22: 341 | EV22: 140 | EW22: -12 | EX22: 338 | EY22: 0 | EZ22: 0 | FA22: 0 | FB22: 339 | FC22: 240 | FD22: 139.3 | FE22: -11 | FF22: 339 | FG22: 0 | FH22: 0 | FI22: 0 | FJ22: 340 | FK22: 224 | FL22: 129.9 | FN22: 342 | FO22: 204 | FP22: 130.9 | FQ22: -3 | FR22: 137 | FS22: 81 | FT22: 12 | FV22: 137 | GA22: 338 | GB22: 378.66 | GC22: 232.01 | GD22: 25.63 | GE22: 338 | GF22: 404.6 | GG22: 229.17 | GH22: 29.57 | GI22: 338 | GJ22: 234.29 | GK22: -134.18 | GL22: -2.85 | GM22: 338 | GN22: 214.39 | GO22: -133.93 | GP22: -10.3 | GQ22: 338 | GR22: 159 | GS22: -97.33 | GT22: -18.18 | GU22: 338 | GV22: 174.97 | GW22: -18.68 | GX22: -18.69 | GZ22: 134KV | HA22: 34KV | HB22: 91 | HC22: 4.55 | HD22: 1.82 | HE22: 8 | HF22: 50 | HG22: 48 | HH22: 134KV | HI22: 34KV | HJ22: 46 | HK22: 2.3 | HL22: 0.92 | HM22: 5 | HN22: 58 | HO22: 58 | HP22: 134KV | HQ22: 34KV | HR22: 96 | HS22: 4.8 | HT22: 2.4 | HU22: 7 | HV22: 56 | HW22: 56 | HY22: 135 | HZ22: 33 | IA22: 52 | IB22: 2.6 | ID22: 2 | IE22: 58 | IF22: 48 | IH22: 140 | II22: 33.2 | IJ22: 10 | IK22: 0.5 | IL22: 0.5 | IM22: 4 | IN22: 42 | IO22: 41 | IP22: 140 | IQ22: 34.4 | IR22: 123 | IS22: 6.5 | IT22: 7.2 | IU22: 12 | IV22: 50 | IW22: 48 | IY22: 140.72 | IZ22: 35.69 | JA22: 334.86 | JB22: 16.74 | JC22: 7.19 | JD22: 3 | JE22: 62.64 | JF22: 47.37 | JG22: ON | JH22: ON | JI22: ON | JJ22: ON | JK22: ON | JL22: ON | JM22: ON | JN22: ON | JP22: 137 | JQ22: 32.5 | JR22: 0 | JS22: 0 | JT22: 0 | JU22: 2 | JV22: 40 | JW22: 39 | JX22: 137 | JY22: 34.1 | JZ22: 107 | KA22: 5.9 | KB22: 2.3 | KC22: 2 | KD22: 45 | KE22: 45 | KG22: O/S | KH22: O/S | KI22: O/S | KJ22: O/S | KL22: 1 | KM22: O/S | KN22: O/S | KO22: 137 | KP22: 33 | KQ22: 62 | KR22: 3.7 | KT22: 1 | KU22: 42 | KV22: 40 | KX22: 132 | KY22: 33 | KZ22: 255 | LA22: 12.5 | LB22: 2.1 | LC22: 3 | LD22: 47 | LE22: 47 | LF22: 132 | LG22: 33 | LH22: 296 | LI22: 14.5 | LJ22: 5 | LK22: 5 | LL22: 44 | LM22: 46 | LO22: 344 | LP22: 193 | LQ22: 113 | LR22: 73 | LS22: 334 | LT22: 58 | LU22: 9.4 | LV22: 141 | LW22: 101 | LX22: 48 | LY22: 44 | LZ22: 10 | MA22: 55 | MB22: 17 | MC22: 140 | MD22: 92 | ME22: 48 | MF22: 44 | MG22: 8 | MH22: TS | MI22: TS | MJ22: TS | MK22: TS | ML22: 40 | MM22: 40 | MN22: 5 | MT22: 2 | MU22: 0 | MV22: 37 | MW22: 36 | MX22: 34 | MY22: DEFECTIVE | MZ22: 5 | NB22: 16 | NC22: 6.4 | ND22: 284 | NE22: 36 | NF22: 44 | NG22: 45 | NH22: 6 | NJ22: TS | NK22: TS | NL22: TS | NM22: TS | NN22: 44 | NO22: 49 | NP22: 4
A23: 0.41666667 | C23: 50.26 | D23: 340 | E23: 135 | F23: 32 | G23: 6.9 | I23: 6 | J23: 46 | K23: 46 | L23: 140 | M23: 58 | N23: 14.2 | P23: 6 | Q23: 55 | R23: 49 | S23: 344.2 | T23: 206.5 | U23: 125.6 | W23: 377.6 | X23: 141.6 | Y23: 91.3 | AA23: SG | AE23: 344.9 | AF23: 565.7 | AG23: 319.3 | AI23: 349.9 | AJ23: 340.5 | AK23: 212.6 | AM23: 342.3 | AN23: 364.6 | AO23: 202.7 | AQ23: 135 | AR23: =F23 -> 32 | AS23: =G23 -> 6.9 | AU23: =L23 -> 140 | AV23: =M23 -> 58 | AW23: =N23 -> 14.2 | AY23: 135 | BE23: 36 | BF23: 22 | BG23: 0.7 | BI23: 22 | BJ23: 81 | BK23: 54 | BM23: 345 | BN23: 147 | BO23: 194 | BP23: 9.7 | BR23: 6 | BS23: 60 | BT23: 60 | BU23: =BM23 -> 345 | BV23: 332 | BW23: 203 | BX23: 33 | BY23: 337 | BZ23: 369 | CA23: 205 | CB23: 30 | CC23: 345 | CD23: 280 | CE23: 160 | CF23: 8 | CG23: 337 | CH23: 291 | CI23: 153 | CJ23: 11 | CK23: 351 | CL23: 157 | CM23: 162 | CN23: 10 | CO23: 334 | CP23: 326 | CQ23: 161 | CR23: 7 | CS23: 338 | CT23: 317 | CU23: 191 | CV23: 104 | CW23: 340 | CX23: 198 | CY23: 91 | CZ23: 59 | DA23: 325 | DB23: 204 | DC23: 92 | DD23: 60 | DE23: =BN23 -> 147 | DF23: 35.1 | DG23: 194 | DH23: 9.7 | DJ23: 7 | DK23: 60 | DL23: 55 | DN23: 343 | DO23: 141 | DP23: 37.94 | DQ23: 21.27 | DR23: 6.22 | DS23: 8 | DT23: 36 | DU23: 42.7 | EE23: 343 | EF23: 138 | EG23: 71 | EH23: 3 | EJ23: 9 | EK23: 46 | EL23: 49 | EN23: 100 | EO23: 4.5 | EQ23: 9 | ER23: 47 | ES23: 49 | ET23: 342 | EU23: 210 | EV23: 123.3 | EW23: 0.4 | EX23: 340 | EY23: 1 | EZ23: 0 | FA23: 0 | FB23: 341 | FC23: 212 | FD23: 124 | FE23: 2.3 | FF23: 340 | FG23: 1 | FH23: 0 | FI23: 0 | FJ23: 343 | FK23: 198 | FL23: 115.1 | FN23: 343 | FO23: 195 | FP23: 115.4 | FQ23: 8.7 | FR23: 137 | FS23: 93 | FT23: 9.01 | FV23: 138 | GA23: 343 | GB23: 3338.8 | GC23: 209.31 | GD23: 20.44 | GE23: 343 | GF23: 360.93 | GG23: 208.64 | GH23: 23.62 | GI23: 343 | GJ23: 200.2 | GK23: -116 | GL23: -17.51 | GM23: 343 | GN23: 184.64 | GO23: -115.33 | GP23: -23.54 | GQ23: 343 | GR23: 152.28 | GS23: -94.4 | GT23: 0 | GU23: 343 | GV23: 166.62 | GW23: -94.06 | GX23: -2.76 | GZ23: 134KV | HA23: 34KV | HB23: 105 | HC23: 5.25 | HD23: 2.1 | HE23: 8 | HF23: 50 | HG23: 48 | HH23: 134KV | HI23: 34KV | HJ23: 45 | HK23: 2.25 | HL23: 0.9 | HM23: 5 | HN23: 58 | HO23: 58 | HP23: 134KV | HQ23: 34KV | HR23: 106 | HS23: 5.3 | HT23: 2.65 | HU23: 7 | HV23: 56 | HW23: 56 | HY23: 135 | HZ23: 33 | IA23: 66 | IB23: 3.3 | ID23: 2 | IE23: 58 | IF23: 48 | IH23: 140 | II23: 33.2 | IJ23: 10 | IK23: 0.5 | IL23: 0.5 | IM23: 4 | IN23: 42 | IO23: 41 | IP23: 140 | IQ23: 34.4 | IR23: 123 | IS23: 6.5 | IT23: 7.2 | IU23: 12 | IV23: 50 | IW23: 48 | IY23: 140.83 | IZ23: 35.13 | JA23: 331.2 | JB23: 16.56 | JC23: 7.31 | JD23: 3 | JE23: 61.77 | JF23: 47.37 | JG23: ON | JH23: ON | JI23: ON | JJ23: ON | JK23: ON | JL23: ON | JM23: ON | JN23: ON | JP23: 137 | JQ23: 32.3 | JR23: 0 | JS23: 0 | JT23: 0 | JU23: 2 | JV23: 42 | JW23: 42 | JX23: 137 | JY23: 34.5 | JZ23: 108 | KA23: 5.7 | KB23: 2.3 | KC23: 2 | KD23: 47 | KE23: 47 | KG23: O/S | KH23: O/S | KI23: O/S | KJ23: O/S | KL23: 1 | KM23: O/S | KN23: O/S | KO23: 136 | KP23: 33 | KQ23: 115 | KR23: 6.2 | KT23: 1 | KU23: 42 | KV23: 40 | KX23: 134 | KY23: 32 | KZ23: 171 | LA23: 8.4 | LB23: 4.1 | LC23: 3 | LD23: 47 | LE23: 47 | LF23: 134 | LG23: 33 | LH23: 296 | LI23: 14.5 | LJ23: 5 | LK23: 5 | LL23: 44 | LM23: 46 | LO23: 345 | LP23: 189 | LQ23: 111 | LR23: 74 | LS23: 334 | LT23: 51 | LU23: 7 | LV23: 141 | LW23: 88 | LX23: 47 | LY23: 45 | LZ23: 10 | MA23: 60 | MB23: 14 | MC23: 139 | MD23: 101 | ME23: 49 | MF23: 45 | MG23: 8 | MH23: TS | MI23: TS | MJ23: TS | MK23: TS | ML23: 40 | MM23: 40 | MN23: 5 | MT23: 5 | MU23: 1 | MV23: 87 | MW23: 36 | MX23: 34 | MY23: DEFECTIVE | MZ23: 5 | NB23: 15 | NC23: 6 | ND23: 262 | NE23: 36 | NF23: 44 | NG23: 45 | NH23: 6 | NJ23: TS | NK23: TS | NL23: TS | NM23: TS | NN23: 44 | NO23: 49 | NP23: 4
A24: 0.45833333 | C24: 50.15 | D24: 339 | E24: 135 | F24: 60 | G24: 13.3 | I24: 6 | J24: 52 | K24: 51 | L24: 139 | M24: 60 | N24: 14.8 | P24: 6 | Q24: 54 | R24: 49 | S24: 343.4 | T24: 204.3 | U24: 124.1 | W24: 376.3 | X24: 126.6 | Y24: 82.5 | AA24: SG | AE24: 343.2 | AF24: 570.1 | AG24: 320.9 | AI24: 349.2 | AJ24: 333.7 | AK24: 204.9 | AM24: 341.5 | AN24: 356.3 | AO24: 195.9 | AQ24: 135 | AR24: =F24 -> 60 | AS24: =G24 -> 13.3 | AU24: =L24 -> 139 | AV24: =M24 -> 60 | AW24: =N24 -> 14.8 | AY24: 135 | BE24: 36 | BF24: 21 | BG24: 0.7 | BI24: 22 | BJ24: 81 | BK24: 54 | BM24: 344 | BN24: 146 | BO24: 225 | BP24: 11.3 | BR24: 6 | BS24: 64 | BT24: 65 | BU24: =BM24 -> 344 | BV24: 281 | BW24: 166 | BX24: 22 | BY24: 337 | BZ24: 302 | CA24: 168 | CB24: 40 | CC24: 345 | CD24: 282 | CE24: 162 | CF24: 14 | CG24: 337 | CH24: 283 | CI24: 161 | CJ24: 13 | CK24: 351 | CL24: 146 | CM24: 98 | CN24: 2 | CO24: 334 | CP24: 302 | CQ24: 150 | CR24: 7 | CS24: 338 | CT24: 312 | CU24: 182 | CV24: 113 | CW24: 339 | CX24: 165 | CY24: 70 | CZ24: 51 | DA24: 326 | DB24: 172 | DC24: 72 | DD24: 58 | DE24: =BN24 -> 146 | DF24: 35.2 | DG24: =BO24 -> 225 | DH24: =BP24 -> 11.3 | DJ24: 7 | DK24: 60 | DL24: 54 | DN24: 343 | DO24: 141 | DP24: 37.65 | DQ24: 21.27 | DR24: 6.32 | DS24: 8 | DT24: 39 | DU24: 44 | EE24: 342 | EF24: 137 | EG24: 71 | EH24: 3.1 | EJ24: 9 | EK24: 48 | EL24: 51 | EN24: 101 | EO24: 4.5 | EQ24: 9 | ER24: 49 | ES24: 51 | ET24: 341 | EU24: 237 | EV24: 139.2 | EW24: -0.9 | EX24: 339 | EY24: 1 | EZ24: 0 | FA24: 0 | FB24: 340 | FC24: 237 | FD24: 138.3 | FE24: 0.7 | FF24: 339 | FG24: 1 | FH24: 0 | FI24: 0 | FJ24: 342 | FK24: 225 | FL24: 130.6 | FN24: 343 | FO24: 221 | FP24: 130.7 | FQ24: 10.8 | FR24: 137 | FS24: 90 | FT24: 9.31 | FV24: 137 | GA24: 342 | GB24: 330.15 | GC24: 202.41 | GD24: 25.71 | GE24: 342 | GF24: 348.4 | GG24: 201.77 | GH24: 30.07 | GI24: 342 | GJ24: 228.75 | GK24: -131.08 | GL24: -16.58 | GM24: 342 | GN24: 210.14 | GO24: -130.91 | GP24: -23.12 | GQ24: 342 | GR24: 116.79 | GS24: -72.37 | GT24: -7.87 | GU24: 342 | GV24: 128.61 | GW24: -71.61 | GX24: -9.63 | GZ24: 134KV | HA24: 34KV | HB24: 125 | HC24: 6.25 | HD24: 2.5 | HE24: 8 | HF24: 50 | HG24: 48 | HH24: 134KV | HI24: 34KV | HJ24: 135 | HK24: 6.75 | HL24: 2.7 | HM24: 5 | HN24: 58 | HO24: 58 | HP24: 134KV | HQ24: 34KV | HR24: 107 | HS24: 5.35 | HT24: 2.675 | HU24: 7 | HV24: 56 | HW24: 56 | HY24: 135 | HZ24: 33 | IA24: 68 | IB24: 3.4 | ID24: 2 | IE24: 58 | IF24: 48 | IH24: 141 | II24: 33.6 | IJ24: 12 | IK24: 0.6 | IL24: 0.6 | IM24: 4 | IN24: 42 | IO24: 41 | IP24: 140 | IQ24: 34.8 | IR24: 121 | IS24: 6.4 | IT24: 7.2 | IU24: 12 | IV24: 50 | IW24: 48 | IY24: 140.68 | IZ24: 35.12 | JA24: 325.26 | JB24: 16.26 | JC24: 7.42 | JD24: 3 | JE24: 61.77 | JF24: 49.14 | JG24: ON | JH24: ON | JI24: ON | JJ24: ON | JK24: ON | JL24: ON | JM24: ON | JN24: ON | JP24: 137 | JQ24: 32.5 | JR24: 0 | JS24: 0 | JT24: 0 | JU24: 2 | JV24: 46 | JW24: 45 | JX24: 137 | JY24: 34.5 | JZ24: 109 | KA24: 5.7 | KB24: 2.4 | KC24: 2 | KD24: 50 | KE24: 50 | KG24: O/S | KH24: O/S | KI24: O/S | KJ24: O/S | KL24: 1 | KM24: O/S | KN24: O/S | KO24: 136 | KP24: 33 | KQ24: 100 | KR24: 5.4 | KT24: 1 | KU24: 42 | KV24: 40 | KX24: 134 | KY24: 32 | KZ24: 228 | LA24: 11.2 | LB24: 4.1 | LC24: 3 | LD24: 47 | LE24: 47 | LF24: 134 | LG24: 33 | LH24: 228 | LI24: 11.2 | LJ24: 5 | LK24: 5 | LL24: 44 | LM24: 46 | LO24: 346 | LP24: 184 | LQ24: 109 | LR24: 74 | LS24: 333 | LT24: 49 | LU24: 5 | LV24: 141 | LW24: 84 | LX24: 48 | LY24: 45 | LZ24: 10 | MA24: 60 | MB24: 13 | MC24: 139 | MD24: 100 | ME24: 49 | MF24: 46 | MG24: 8 | MH24: TS | MI24: TS | MJ24: TS | MK24: TS | ML24: 40 | MM24: 40 | MN24: 5 | MT24: 4 | MU24: 7 | MV24: 83 | MW24: 36 | MX24: 34 | MY24: DEFECTIVE | MZ24: 5 | NB24: 13 | NC24: 5.4 | ND24: 240 | NE24: 36 | NF24: 44 | NG24: 45 | NH24: 6 | NJ24: TS | NK24: TS | NL24: TS | NM24: TS | NN24: 44 | NO24: 49 | NP24: 4
A25: 0.5 | C25: 50.29 | D25: 341 | E25: 136 | F25: 35 | G25: 7.5 | I25: 6 | J25: 52 | K25: 51 | L25: 141 | M25: 60 | N25: 14.8 | P25: 6 | Q25: 54 | R25: 52 | S25: 346.7 | T25: 181.1 | U25: 108.8 | W25: 380.3 | X25: 139.4 | Y25: 74.6 | AA25: SG | AE25: 346.1 | AF25: 588.7 | AG25: 330.4 | AI25: 352.6 | AJ25: 321.6 | AK25: 202.2 | AM25: 345.2 | AN25: 339.5 | AO25: 192.8 | AQ25: 136 | AR25: =F25 -> 35 | AS25: =G25 -> 7.5 | AU25: =L25 -> 141 | AV25: =M25 -> 60 | AW25: =N25 -> 14.8 | AY25: 136 | BE25: 36 | BF25: 24 | BG25: 0.8 | BI25: 22 | BJ25: 85 | BK25: 66 | BM25: 345 | BN25: 146 | BO25: 233 | BP25: 11.7 | BR25: 6 | BS25: 66 | BT25: 68 | BU25: =BM25 -> 345 | BV25: 283 | BW25: 167 | BX25: 27 | BY25: 337 | BZ25: 305 | CA25: 169 | CB25: 25 | CC25: 345 | CD25: 288 | CE25: 164 | CF25: 10 | CG25: 337 | CH25: 295 | CI25: 164 | CJ25: 10 | CK25: 351 | CL25: 154 | CM25: 103 | CN25: 4 | CO25: 334 | CP25: 313 | CQ25: 155 | CR25: 8 | CS25: 338 | CT25: 312 | CU25: 184 | CV25: 110 | CW25: 341 | CX25: 170 | CY25: 63 | CZ25: 54 | DA25: 327 | DB25: 179 | DC25: 68 | DD25: 69 | DE25: =BN25 -> 146 | DF25: 35.4 | DG25: =BO25 -> 233 | DH25: =BP25 -> 11.7 | DJ25: 7 | DK25: 58 | DL25: 57 | DN25: 344 | DO25: 141 | DP25: 32.05 | DQ25: 18.25 | DR25: 4.95 | DS25: 8 | DT25: 40 | DU25: 49 | EE25: 346 | EF25: 139 | EG25: 91 | EH25: 3.9 | EJ25: 9 | EK25: 50 | EL25: 51 | EN25: 101 | EO25: 4.5 | EQ25: 9 | ER25: 50 | ES25: 51 | ET25: 344 | EU25: 236 | EV25: 139 | EW25: -10.3 | EX25: 342 | EY25: 1 | EZ25: 0 | FA25: 0 | FB25: 343 | FC25: 236 | FD25: 138.2 | FE25: -9.9 | FF25: 342 | FG25: 1 | FH25: 0 | FI25: 0 | FJ25: 346 | FK25: 220 | FL25: 128.6 | FN25: 346 | FO25: 217 | FP25: 129.4 | FQ25: 9.6 | FR25: 139 | FS25: 100 | FT25: 11.71 | FV25: 139 | GA25: 345 | GB25: 325.76 | GC25: 204.12 | GD25: 7.71 | GE25: 345 | GF25: 345.39 | GG25: 202.19 | GH25: 9.97 | GI25: 345 | GJ25: 222.59 | GK25: -130.33 | GL25: -5.7 | GM25: 345 | GN25: 205.45 | GO25: -130.24 | GP25: -13.9 | GQ25: 345 | GR25: 117.82 | GS25: -73.79 | GT25: 0 | GU25: 345 | GV25: 130.57 | GW25: -72.87 | GX25: 0 | GZ25: 134KV | HA25: 34KV | HB25: 121 | HC25: 6.05 | HD25: 2.42 | HE25: 8 | HF25: 50 | HG25: 48 | HH25: 134KV | HI25: 34KV | HJ25: 49 | HK25: 2.45 | HL25: 0.98 | HM25: 5 | HN25: 58 | HO25: 58 | HP25: 134KV | HQ25: 34KV | HR25: 110 | HS25: 5.5 | HT25: 2.75 | HU25: 7 | HV25: 56 | HW25: 56 | HY25: 136 | HZ25: 33 | IA25: 124 | IB25: 6.2 | ID25: 2 | IE25: 58 | IF25: 48 | IH25: 143 | II25: 33.8 | IJ25: 12 | IK25: 0.6 | IL25: 0.6 | IM25: 4 | IN25: 44 | IO25: 42 | IP25: 143 | IQ25: 35.2 | IR25: 121 | IS25: 6.4 | IT25: 7.2 | IU25: 12 | IV25: 52 | IW25: 50 | IY25: 141.04 | IZ25: 35.31 | JA25: 342.42 | JB25: 17.12 | JC25: 6.1 | JD25: 3 | JE25: 61.77 | JF25: 45.61 | JG25: ON | JH25: ON | JI25: ON | JJ25: ON | JK25: ON | JL25: ON | JM25: ON | JN25: ON | JP25: 138 | JQ25: 32.6 | JR25: 0 | JS25: 0 | JT25: 0 | JU25: 2 | JV25: 48 | JW25: 46 | JX25: 138 | JY25: 34 | JZ25: 102 | KA25: 5.5 | KB25: 2.4 | KC25: 2 | KD25: 54 | KE25: 53 | KG25: O/S | KH25: O/S | KI25: O/S | KJ25: O/S | KL25: 1 | KM25: O/S | KN25: O/S | KO25: 137 | KP25: 33 | KQ25: 100 | KR25: 5.5 | KT25: 1 | KU25: 46 | KV25: 44 | KX25: 138 | KY25: 34 | KZ25: 228 | LA25: 11.2 | LB25: 4.1 | LC25: 3 | LD25: 51 | LE25: 51 | LF25: 138 | LG25: 34 | LH25: 243 | LI25: 11.9 | LJ25: 5 | LK25: 5 | LL25: 49 | LM25: 50 | LO25: 346 | LP25: 178 | LQ25: 105 | LR25: 74 | LS25: 335 | LT25: 43 | LU25: 2 | LV25: 142 | LW25: 75 | LX25: 49 | LY25: 47 | LZ25: 10 | MA25: 59 | MB25: 11 | MC25: 140 | MD25: 103 | ME25: 51 | MF25: 48 | MG25: 8 | MH25: TS | MI25: TS | MJ25: TS | MK25: TS | ML25: 40 | MM25: 40 | MN25: 5 | MT25: 4 | MU25: 1 | MV25: 73 | MW25: 36 | MX25: 34 | MY25: DEFECTIVE | MZ25: 5 | NB25: 14.2 | NC25: 6.2 | ND25: 255 | NE25: 36 | NF25: 44 | NG25: 45 | NH25: 6 | NJ25: TS | NK25: TS | NL25: TS | NM25: TS | NN25: 44 | NO25: 49 | NP25: 4
A26: 0.54166667 | C26: 49.97 | D26: 341 | E26: 136 | F26: 61 | G26: 13.5 | I26: 6 | J26: 52 | K26: 51 | L26: 140 | M26: 60 | N26: 14.8 | P26: 6 | Q26: 54 | R26: 52 | S26: 345.5 | T26: 180.8 | U26: 106.6 | W26: 378.7 | X26: 132.3 | Y26: 69.3 | AA26: SG | AE26: 345.2 | AF26: 623.7 | AG26: 345.7 | AI26: 351.6 | AJ26: 329.3 | AK26: 206.6 | AM26: 343.8 | AN26: 350.4 | AO26: 196.4 | AQ26: 136 | AR26: =F26 -> 61 | AS26: =G26 -> 13.5 | AU26: =L26 -> 140 | AV26: =M26 -> 60 | AW26: =N26 -> 14.8 | AY26: 136 | BE26: 36 | BF26: 23 | BG26: 0.8 | BI26: 22 | BJ26: 85 | BK26: 66 | BM26: 344 | BN26: 146 | BO26: 166 | BP26: 8.3 | BR26: 6 | BS26: 72 | BT26: 74 | BU26: =BM26 -> 344 | BV26: 282 | BW26: 167 | BX26: 22 | BY26: 337 | BZ26: 304 | CA26: 168 | CB26: 20 | CC26: 345 | CD26: 278 | CE26: 160 | CF26: 12 | CG26: 337 | CH26: 291 | CI26: 159 | CJ26: 12 | CK26: 351 | CL26: 147 | CM26: 99 | CN26: 5 | CO26: 334 | CP26: 310 | CQ26: 152 | CR26: 10 | CS26: 338 | CT26: 318 | CU26: 180 | CV26: 116 | CW26: 341 | CX26: 168 | CY26: 66 | CZ26: 54 | DA26: 327 | DB26: 177 | DC26: 71 | DD26: 64 | DE26: =BN26 -> 146 | DF26: 35.4 | DG26: =BO26 -> 166 | DH26: =BP26 -> 8.3 | DJ26: 7 | DK26: 57 | DL26: 55 | DN26: 343 | DO26: 141 | DP26: 32.41 | DQ26: 17.7 | DR26: 5.31 | DS26: 8 | DT26: 46 | DU26: 46 | EE26: 344 | EF26: 138 | EG26: 71 | EH26: 3 | EJ26: 9 | EK26: 52 | EL26: 53 | EN26: 105 | EO26: 4.6 | EQ26: 9 | ER26: 52 | ES26: 53 | ET26: 343 | EU26: 237 | EV26: 139 | EW26: -11.2 | EX26: 342 | EY26: 1 | EZ26: 0 | FA26: 0 | FB26: 342 | FC26: 237 | FD26: 138.4 | FE26: -10 | FF26: 342 | FG26: 1 | FH26: 0 | FI26: 0 | FJ26: 344 | FK26: 229 | FL26: 133 | FN26: 344 | FO26: 225 | FP26: 133.5 | FQ26: 1.3 | FR26: 138 | FS26: 79 | FT26: 10 | FV26: 138 | GA26: 345 | GB26: 313.47 | GC26: 196.49 | GD26: 4.44 | GE26: 345 | GF26: 333.09 | GG26: 196.16 | GH26: 7.62 | GI26: 345 | GJ26: 222.89 | GK26: -130.83 | GL26: -7.12 | GM26: 345 | GN26: 205.01 | GO26: -131.16 | GP26: -14.91 | GQ26: 345 | GR26: 109.9 | GS26: -68.35 | GT26: 3.27 | GU26: 345 | GV26: 123.68 | GW26: -68.01 | GX26: 0 | GZ26: 134KV | HA26: 34KV | HB26: 127 | HC26: 6.35 | HD26: 2.54 | HE26: 8 | HF26: 50 | HG26: 48 | HH26: 134KV | HI26: 34KV | HJ26: 157 | HK26: 7.85 | HL26: 3.14 | HM26: 5 | HN26: 58 | HO26: 58 | HP26: 134KV | HQ26: 34KV | HR26: 108 | HS26: 5.4 | HT26: 2.7 | HU26: 7 | HV26: 56 | HW26: 56 | HY26: 136 | HZ26: 33 | IA26: 16 | IB26: 0.8 | ID26: 2 | IE26: 58 | IF26: 48 | IH26: 142 | II26: 33.7 | IJ26: 24 | IK26: 1.2 | IL26: 1.3 | IM26: 4 | IN26: 44 | IO26: 42 | IP26: 142 | IQ26: 34.8 | IR26: 108 | IS26: 5.6 | IT26: 6.3 | IU26: 12 | IV26: 52 | IW26: 50 | IY26: 140.97 | IZ26: 35.34 | JA26: 335.77 | JB26: 16.78 | JC26: 5.98 | JD26: 3 | JE26: 62.64 | JF26: 48.24 | JG26: ON | JH26: ON | JI26: ON | JJ26: ON | JK26: ON | JL26: ON | JM26: ON | JN26: ON | JP26: 139 | JQ26: 32.7 | JR26: 0 | JS26: 0 | JT26: 0 | JU26: 2 | JV26: 49 | JW26: 47 | JX26: 139 | JY26: 34.9 | JZ26: 105 | KA26: 5.5 | KB26: 2.5 | KC26: 2 | KD26: 55 | KE26: 54 | KG26: O/S | KH26: O/S | KI26: O/S | KJ26: O/S | KL26: 1 | KM26: O/S | KN26: O/S | KO26: 138 | KP26: 34 | KQ26: 62 | KR26: 3.6 | KT26: 1 | KU26: 46 | KV26: 44 | KX26: 134 | KY26: 34 | KZ26: 39 | LA26: 1.9 | LB26: 0.2 | LC26: 3 | LD26: 51 | LE26: 51 | LF26: 134 | LG26: 34 | LH26: 251 | LI26: 12.3 | LJ26: 5 | LK26: 5 | LL26: 49 | LM26: 50 | LO26: 346 | LP26: 190 | LQ26: 114 | LR26: 74 | LS26: 335 | LT26: 47 | LU26: 5 | LV26: 142 | LW26: 82 | LX26: 51 | LY26: 49 | LZ26: 10 | MA26: 67 | MB26: 15 | MC26: 140 | MD26: 108 | ME26: 53 | MF26: 50 | MG26: 8 | MH26: TS | MI26: TS | MJ26: TS | MK26: TS | ML26: 40 | MM26: 40 | MN26: 5 | MT26: 4 | MU26: 2 | MV26: 75 | MW26: 36 | MX26: 34 | MY26: DEFECTIVE | MZ26: 5 | NB26: 15 | NC26: 6.2 | ND26: 261 | NE26: 36 | NF26: 44 | NG26: 45 | NH26: 6 | NJ26: TS | NK26: TS | NL26: TS | NM26: TS | NN26: 44 | NO26: 49 | NP26: 4
A27: 0.58333333 | C27: 50.44 | D27: 347 | E27: 136 | F27: 98 | G27: 21.4 | I27: 6 | J27: 52 | K27: 51 | L27: 141 | M27: 59 | N27: 14.6 | P27: 6 | Q27: 54 | R27: 52 | S27: 347.9 | T27: 216.3 | U27: 132.3 | W27: 381.9 | X27: 175.9 | Y27: 108.1 | AA27: SG | AE27: 347.9 | AF27: 583.1 | AG27: 336.5 | AI27: 354.2 | AJ27: 443.6 | AK27: 283.7 | AM27: 346.6 | AN27: 473.4 | AO27: 272.9 | AQ27: 136 | AR27: =F27 -> 98 | AS27: =G27 -> 21.4 | AU27: =L27 -> 141 | AV27: =M27 -> 59 | AW27: =N27 -> 14.6 | AY27: 136 | BE27: 36 | BF27: 22 | BG27: 0.7 | BI27: 22 | BJ27: 85 | BK27: 66 | BM27: 349 | BN27: 150 | BO27: 56 | BP27: 2.8 | BR27: 6 | BS27: 72 | BT27: 74 | BU27: =BM27 -> 349 | BV27: 290 | BW27: 168 | BX27: 42 | BY27: 341 | BZ27: 300 | CA27: 168 | CB27: 41 | CC27: 349 | CD27: 270 | CE27: 160 | CF27: 6 | CG27: 341 | CH27: 290 | CI27: 160 | CJ27: 7 | CK27: 355 | CL27: 101 | CM27: 66 | CN27: 12 | CO27: 338 | CP27: 199 | CQ27: 102 | CR27: 15 | CS27: 342 | CT27: 213 | CU27: 142 | CV27: 55 | CW27: 345 | CX27: 287 | CY27: 153 | CZ27: 75 | DA27: 330 | DB27: 294 | DC27: 155 | DD27: 55 | DE27: =BN27 -> 150 | DF27: 35.8 | DG27: 56 | DH27: =BP27 -> 2.8 | DJ27: 7 | DK27: 57 | DL27: 55 | DN27: 346 | DO27: 142 | DP27: 35.51 | DQ27: 20.05 | DR27: 5.84 | DS27: 8 | DT27: 46 | DU27: 50.6 | EE27: 346 | EF27: 139 | EG27: 73 | EH27: 3.3 | EJ27: 9 | EK27: 53 | EL27: 54 | EN27: 100 | EO27: 4.5 | EQ27: 9 | ER27: 53 | ES27: 54 | ET27: 345 | EU27: 226 | EV27: 131.1 | EW27: -9 | EX27: 344 | EY27: 1 | EZ27: 0 | FA27: 0 | FB27: 345 | FC27: 214 | FD27: 125.5 | FE27: -8 | FF27: 344 | FG27: 1 | FH27: 0 | FI27: 0 | FJ27: 346 | FK27: 220 | FL27: 128.2 | FN27: 346 | FO27: 215 | FP27: 128.5 | FQ27: -1.7 | FR27: 139 | FS27: 110 | FT27: 19.21 | FV27: 139 | GA27: 346 | GB27: 430.15 | GC27: 272.47 | GD27: 3.52 | GE27: 346 | GF27: 457.38 | GG27: 270.7 | GH27: 6.95 | GI27: 346 | GJ27: 192.11 | GK27: -113.74 | GL27: -8.21 | GM27: 346 | GN27: 177.17 | GO27: -114.41 | GP27: -14.83 | GQ27: 346 | GR27: 248.68 | GS27: -159.97 | GT27: 7.87 | GU27: 346 | GV27: 249.24 | GW27: -159.89 | GX27: 7.62 | GZ27: 134KV | HA27: 34KV | HB27: 118 | HC27: 5.9 | HD27: 2.36 | HE27: 8 | HF27: 50 | HG27: 48 | HH27: 134KV | HI27: 34KV | HJ27: 307 | HK27: 15.35 | HL27: 6.14 | HM27: 5 | HN27: 58 | HO27: 58 | HP27: 134KV | HQ27: 34KV | HR27: 116 | HS27: 5.8 | HT27: 2.9 | HU27: 7 | HV27: 56 | HW27: 56 | HY27: 136 | HZ27: 33 | IA27: 88 | IB27: 4.4 | ID27: 2 | IE27: 58 | IF27: 48 | IH27: 144 | II27: 34.2 | IJ27: 35 | IK27: 1.8 | IL27: 2 | IM27: 4 | IN27: 44 | IO27: 42 | IP27: 144 | IQ27: 35 | IR27: 100 | IS27: 5.3 | IT27: 6 | IU27: 12 | IV27: 52 | IW27: 50 | IY27: 142.63 | IZ27: 35.68 | JA27: 311.1 | JB27: 15.55 | JC27: 5.76 | JD27: 3 | JE27: 58.4 | JF27: 45.61 | JG27: ON | JH27: ON | JI27: ON | JJ27: ON | JK27: ON | JL27: ON | JM27: ON | JN27: ON | JP27: 138 | JQ27: 32.5 | JR27: 0 | JS27: 0 | JT27: 0 | JU27: 2 | JV27: 49 | JW27: 48 | JX27: 138 | JY27: 34.6 | JZ27: 164 | KA27: 8.9 | KB27: 3.6 | KC27: 2 | KD27: 55 | KE27: 54 | KG27: O/S | KH27: O/S | KI27: O/S | KJ27: O/S | KL27: 1 | KM27: O/S | KN27: O/S | KO27: 137 | KP27: 33 | KQ27: 102 | KR27: 5.8 | KT27: 1 | KU27: 46 | KV27: 44 | KX27: 140 | KY27: 34 | KZ27: 45 | LA27: 2.2 | LB27: 1.1 | LC27: 3 | LD27: 51 | LE27: 51 | LF27: 140 | LG27: 35 | LH27: 212 | LI27: 10.4 | LJ27: 5 | LK27: 5 | LL27: 49 | LM27: 50 | LO27: 350 | LP27: 184 | LQ27: 110 | LR27: 76 | LS27: 339 | LT27: 46 | LU27: 3 | LV27: 144 | LW27: 77 | LX27: 52 | LY27: 50 | LZ27: 10 | MA27: 64 | MB27: 15 | MC27: 141 | MD27: 107 | ME27: 54 | MF27: 50 | MG27: 8 | MH27: TS | MI27: TS | MJ27: TS | MK27: TS | ML27: 40 | MM27: 40 | MN27: 5 | MT27: 4 | MU27: 4 | MV27: 78 | MW27: 36 | MX27: 34 | MY27: DEFECTIVE | MZ27: 5 | NB27: 17.4 | NC27: 7 | ND27: 309 | NE27: 36 | NF27: 44 | NG27: 45 | NH27: 6 | NJ27: TS | NK27: TS | NL27: TS | NM27: TS | NN27: 44 | NO27: 49 | NP27: 4
A28: 0.625 | C28: 50.31 | D28: 344 | E28: 136 | F28: 98 | G28: 21.3 | I28: 6 | J28: 52 | K28: 51 | L28: 141 | M28: 60 | N28: 14.9 | P28: 6 | Q28: 54 | R28: 52 | S28: 374.7 | T28: 154.3 | U28: 104.2 | W28: 381.6 | X28: 130.9 | Y28: 71.1 | AA28: SG | AE28: 344.9 | AF28: 530.5 | AG28: 299.2 | AI28: 351.1 | AJ28: 340.3 | AK28: 214.3 | AM28: 344.4 | AN28: 364.6 | AO28: 208.3 | AQ28: 136 | AR28: =F28 -> 98 | AS28: =G28 -> 21.3 | AU28: =L28 -> 141 | AV28: =M28 -> 60 | AW28: =N28 -> 14.9 | AY28: 136 | BE28: 36 | BF28: 21 | BG28: 0.7 | BI28: 22 | BJ28: 85 | BK28: 66 | BM28: 347 | BN28: 149 | BO28: O/S | BP28: O/S | BR28: 6 | BS28: 72 | BT28: 74 | BU28: =BM28 -> 347 | BV28: 290 | BW28: 167 | BX28: 29 | BY28: 339 | BZ28: 305 | CA28: 169 | CB28: 28 | CC28: 346 | CD28: 270 | CE28: 176 | CF28: 4 | CG28: 339 | CH28: 275 | CI28: 154 | CJ28: 16 | CK28: 353 | CL28: 146 | CM28: 98 | CN28: 1 | CO28: 336 | CP28: 300 | CQ28: 148 | CR28: 3 | CS28: 340 | CT28: 287 | CU28: 177 | CV28: 97 | CW28: 342 | CX28: 175 | CY28: 72 | CZ28: 55 | DA28: 328 | DB28: 186 | DC28: 80 | DD28: 65 | DE28: =BN28 -> 149 | DF28: 35.8 | DG28: O/S | DH28: O/S | DJ28: 7 | DK28: 57 | DL28: 55 | DN28: 344 | DO28: 142 | DP28: 36.45 | DQ28: 21.37 | DR28: 6.37 | DS28: 8 | DT28: 47 | DU28: 51.3 | EE28: 343 | EF28: 137 | EG28: 88 | EH28: 3.8 | EJ28: 9 | EK28: 55 | EL28: 55 | EN28: 99 | EO28: 4.3 | EQ28: 9 | ER28: 56 | ES28: 55 | ET28: 345 | EU28: 234 | EV28: 138.1 | EW28: -9.8 | EX28: 343 | EY28: 1 | EZ28: 0 | FA28: 0 | FB28: 344 | FC28: 236 | FD28: 138.7 | FE28: -4.6 | FF28: 343 | FG28: 1 | FH28: 0 | FI28: 0 | FJ28: 343 | FK28: 193 | FL28: 113.1 | FN28: 343 | FO28: 208 | FP28: 113.7 | FQ28: -0.5 | FR28: 137 | FS28: 95 | FT28: 22.21 | FV28: 137 | GA28: 343 | GB28: 334.26 | GC28: 207.89 | GD28: 10.47 | GE28: 343 | GF28: 359.46 | GG28: 208.31 | GH28: 15.58 | GI28: 343 | GJ28: 192.7 | GK28: -112.82 | GL28: -7.04 | GM28: 343 | GN28: 178.34 | GO28: -113.57 | GP28: -13.32 | GQ28: 343 | GR28: 157.89 | GS28: -92.38 | GT28: 0 | GU28: 343 | GV28: 155.33 | GW28: -87.45 | GX28: 0 | GZ28: 134KV | HA28: 34KV | HB28: 135 | HC28: 6.75 | HD28: 2.7 | HE28: 8 | HF28: 50 | HG28: 48 | HH28: 134KV | HI28: 34KV | HJ28: 302 | HK28: 15.1 | HL28: 6.04 | HM28: 5 | HN28: 58 | HO28: 58 | HP28: 134KV | HQ28: 34KV | HR28: 112 | HS28: 5.6 | HT28: 2.8 | HU28: 7 | HV28: 56 | HW28: 56 | HY28: 136 | HZ28: 33 | IA28: 94 | IB28: 4.7 | ID28: 2 | IE28: 72 | IF28: 52 | IH28: 144 | II28: 33.7 | IJ28: 22 | IK28: 1.1 | IL28: 1.2 | IM28: 4 | IN28: 45 | IO28: 43 | IP28: 144 | IQ28: 34.8 | IR28: 99 | IS28: 5.2 | IT28: 5.8 | IU28: 12 | IV28: 52 | IW28: 50 | IY28: 140.82 | IZ28: 35.24 | JA28: 426.24 | JB28: 21.31 | JC28: 7.76 | JD28: 3 | JE28: 62.64 | JF28: 45.61 | JG28: ON | JH28: ON | JI28: ON | JJ28: ON | JK28: ON | JL28: ON | JM28: ON | JN28: ON | JP28: 136 | JQ28: 32.3 | JR28: 0 | JS28: 0 | JT28: 0 | JU28: 2 | JV28: 49 | JW28: 48 | JX28: 136 | JY28: 34.1 | JZ28: 174 | KA28: 9.5 | KB28: 3.7 | KC28: 2 | KD28: 55 | KE28: 54 | KG28: O/S | KH28: O/S | KI28: O/S | KJ28: O/S | KL28: 1 | KM28: O/S | KN28: O/S | KO28: 136 | KP28: 33 | KQ28: 109 | KR28: 6.1 | KT28: 1 | KU28: 46 | KV28: 44 | KX28: 134 | KY28: 34 | KZ28: 192 | LA28: 9.2 | LB28: 1.5 | LC28: 3 | LD28: 57 | LE28: 57 | LF28: 134 | LG28: 34 | LH28: 247 | LI28: 12.1 | LJ28: 5 | LK28: 5 | LL28: 52 | LM28: 54 | LO28: 345 | LP28: 204 | LQ28: 121 | LR28: 74 | LS28: 336 | LT28: 47 | LU28: 4 | LV28: 142 | LW28: 81 | LX28: 52 | LY28: 51 | LZ28: 10 | MA28: 74 | MB28: 15 | MC28: 140 | MD28: 123 | ME28: 55 | MF28: 51 | MG28: 8 | MH28: TS | MI28: TS | MJ28: TS | MK28: TS | ML28: 40 | MM28: 40 | MN28: 5 | MT28: 10 | MU28: 3 | MV28: 180 | MW28: 36 | MX28: 34 | MY28: DEFECTIVE | MZ28: 5 | NB28: 10 | NC28: 4 | ND28: 182 | NE28: 36 | NF28: 44 | NG28: 45 | NH28: 6 | NJ28: TS | NK28: TS | NL28: TS | NM28: TS | NN28: 44 | NO28: 49 | NP28: 4
A29: 0.66666667 | C29: 50.23 | D29: 342 | E29: 135 | F29: 90 | G29: 19.7 | I29: 6 | J29: 52 | K29: 51 | L29: 141 | M29: 40 | N29: 7.9 | P29: 6 | Q29: 54 | R29: 52 | S29: 347 | T29: 199.6 | U29: 121.1 | W29: 379.9 | X29: 143.4 | Y29: 83.5 | AA29: SG | AE29: 347.9 | AF29: 502.5 | AG29: 289.3 | AI29: 354.3 | AJ29: 305.2 | AK29: 193.5 | AM29: 346 | AN29: 327 | AO29: 185 | AQ29: 135 | AR29: =F29 -> 90 | AS29: =G29 -> 19.7 | AU29: =L29 -> 141 | AV29: =M29 -> 40 | AW29: =N29 -> 7.9 | AY29: 135 | BE29: 0 | BF29: 0 | BG29: 0 | BI29: 22 | BJ29: 85 | BK29: 66 | BM29: 345 | BN29: 148 | BO29: 99 | BP29: 5 | BR29: 6 | BS29: 72 | BT29: 74 | BU29: =BM29 -> 345 | BV29: 287 | BW29: 166 | BX29: 15 | BY29: 337 | BZ29: 303 | CA29: 168 | CB29: 11 | CC29: 343 | CD29: 276 | CE29: 188 | CF29: 6 | CG29: 339 | CH29: 268 | CI29: 169 | CJ29: 7 | CK29: 352 | CL29: 154 | CM29: 103 | CN29: 7 | CO29: 336 | CP29: 327 | CQ29: 161 | CR29: 14 | CS29: 338 | CT29: 307 | CU29: 175 | CV29: 109 | CW29: 340 | CX29: 169 | CY29: 65 | CZ29: 54 | DA29: 327 | DB29: 176 | DC29: 67 | DD29: 66 | DE29: =BN29 -> 148 | DF29: 35.2 | DG29: 99 | DH29: 5 | DJ29: 7 | DK29: 56 | DL29: 54 | DN29: 344 | DO29: 141 | DP29: 38.58 | DQ29: 21.68 | DR29: 6.49 | DS29: 8 | DT29: 47 | DU29: 51.2 | EE29: 345 | EF29: 138 | EG29: 73 | EH29: 3.1 | EJ29: 9 | EK29: 56 | EL29: 56 | EN29: 116 | EO29: 4.9 | EQ29: 9 | ER29: 56 | ES29: 56 | ET29: 343 | EU29: 238 | EV29: 139.2 | EW29: -11.3 | EX29: 341 | EY29: 1 | EZ29: 0 | FA29: 0 | FB29: 342 | FC29: 238 | FD29: 139.6 | FE29: -7 | FF29: 341 | FG29: 1 | FH29: 0 | FI29: 0 | FJ29: 345 | FK29: 222 | FL29: 130 | FN29: 345 | FO29: 237 | FP29: 130.3 | FQ29: 1 | FR29: 138 | FS29: 94 | FT29: 15.61 | FV29: 138 | GA29: 345 | GB29: 309.52 | GC29: 195.66 | GD29: 7.2 | GE29: 345 | GF29: 330.59 | GG29: 193.9 | GH29: 10.64 | GI29: 345 | GJ29: 218.78 | GK29: -128.23 | GL29: -7.71 | GM29: 345 | GN29: 202.66 | GO29: -129.91 | GP29: -14.66 | GQ29: 345 | GR29: 108.88 | GS29: -68.93 | GT29: 3.77 | GU29: 345 | GV29: 121.02 | GW29: -68.18 | GX29: 0 | GZ29: 134KV | HA29: 34KV | HB29: 123 | HC29: 6.15 | HD29: 2.46 | HE29: 8 | HF29: 50 | HG29: 48 | HH29: 134KV | HI29: 34KV | HJ29: 193 | HK29: 9.65 | HL29: 3.86 | HM29: 5 | HN29: 58 | HO29: 58 | HP29: 134KV | HQ29: 34KV | HR29: 94 | HS29: 4.7 | HT29: 2.35 | HU29: 7 | HV29: 56 | HW29: 56 | HY29: 136 | HZ29: 33 | IA29: 72 | IB29: 3.6 | ID29: 2 | IE29: 72 | IF29: 52 | IH29: 145 | II29: 33.8 | IJ29: 14 | IK29: 0.6 | IL29: 0.8 | IM29: 4 | IN29: 45 | IO29: 44 | IP29: 145 | IQ29: 34.8 | IR29: 99 | IS29: 5.2 | IT29: 5.8 | IU29: 12 | IV29: 51 | IW29: 51 | IY29: 140.55 | IZ29: 35.16 | JA29: 426.38 | JB29: 21.32 | JC29: 7.65 | JD29: 3 | JE29: 62.64 | JF29: 45.61 | JG29: ON | JH29: ON | JI29: ON | JJ29: ON | JK29: ON | JL29: ON | JM29: ON | JN29: ON | JP29: 138 | JQ29: 32.4 | JR29: 0 | JS29: 0 | JT29: 0 | JU29: 2 | JV29: 49 | JW29: 48 | JX29: 138 | JY29: 34.2 | JZ29: 176 | KA29: 9.4 | KB29: 3.9 | KC29: 2 | KD29: 56 | KE29: 54 | KG29: O/S | KH29: O/S | KI29: O/S | KJ29: O/S | KL29: 1 | KM29: O/S | KN29: O/S | KO29: 137 | KP29: 33 | KQ29: 48 | KR29: 2.5 | KT29: 1 | KU29: 46 | KV29: 44 | KX29: 134 | KY29: 34 | KZ29: 220 | LA29: 10.8 | LB29: 1.5 | LC29: 3 | LD29: 57 | LE29: 57 | LF29: 134 | LG29: 34 | LH29: 243 | LI29: 11.9 | LJ29: 5 | LK29: 5 | LL29: 52 | LM29: 54 | LO29: 346 | LP29: 193 | LQ29: 109 | LR29: 74 | LS29: 335 | LT29: 45 | LU29: 2 | LV29: 142 | LW29: 80 | LX29: 52 | LY29: 51 | LZ29: 10 | MA29: 64 | MB29: 13 | MC29: 139 | MD29: 113 | ME29: 55 | MF29: 56 | MG29: 8 | MH29: TS | MI29: TS | MJ29: TS | MK29: TS | ML29: 40 | MM29: 40 | MN29: 5 | MT29: 8 | MU29: 4 | MV29: 150 | MW29: 36 | MX29: 34 | MY29: DEFECTIVE | MZ29: 5 | NB29: 9 | NC29: 4 | ND29: 163 | NE29: 36 | NF29: 44 | NG29: 45 | NH29: 6 | NJ29: TS | NK29: TS | NL29: TS | NM29: TS | NN29: 44 | NO29: 49 | NP29: 4
A30: 0.70833333 | C30: 50.4 | D30: 341 | E30: 137 | F30: 41 | G30: 8.7 | I30: 6 | J30: 52 | K30: 51 | L30: 141 | M30: 86 | N30: 20.2 | P30: 6 | Q30: 54 | R30: 52 | S30: 347.1 | T30: 202.6 | U30: 122.1 | W30: 300.6 | X30: 154.1 | Y30: 91.3 | AA30: SG | AE30: 346.6 | AF30: 535.2 | AG30: 307.4 | AI30: 352.9 | AJ30: 336.9 | AK30: 213.2 | AM30: 345.1 | AN30: 359.6 | AO30: 204.3 | AQ30: 137 | AR30: =F30 -> 41 | AS30: =G30 -> 8.7 | AU30: =L30 -> 141 | AV30: =M30 -> 86 | AW30: =N30 -> 20.2 | AY30: 137 | BE30: 34 | BF30: 504 | BG30: 5.6 | BI30: 22 | BJ30: 85 | BK30: 66 | BM30: 345 | BN30: 145 | BO30: 350 | BP30: 17.5 | BR30: 6 | BS30: 74 | BT30: 70 | BU30: =BM30 -> 345 | BV30: 345 | BW30: 348 | BX30: 26 | BY30: 337 | BZ30: 373 | CA30: 206 | CB30: 24 | CC30: 342 | CD30: 286 | CE30: 164 | CF30: 12 | CG30: 337 | CH30: 294 | CI30: 162 | CJ30: 13 | CK30: 351 | CL30: 165 | CM30: 110 | CN30: 6 | CO30: 334 | CP30: 340 | CQ30: 168 | CR30: 11 | CS30: 338 | CT30: 321 | CU30: 189 | CV30: 111 | CW30: 340 | CX30: 192 | CY30: 83 | CZ30: 59 | DA30: 326 | DB30: 202 | DC30: 86 | DD30: 65 | DE30: =BN30 -> 145 | DF30: 35 | DG30: =BO30 -> 350 | DH30: =BP30 -> 17.5 | DJ30: 7 | DK30: 64 | DL30: 56 | DN30: 344 | DO30: 142 | DP30: 38.58 | DQ30: 20.96 | DR30: 5.55 | DS30: 8 | DT30: 47 | DU30: 50.7 | EE30: 343 | EF30: 138 | EG30: 70 | EH30: 3 | EJ30: 9 | EK30: 56 | EL30: 56 | EN30: 113 | EO30: 4.8 | EQ30: 9 | ER30: 56 | ES30: 55 | ET30: 344 | EU30: 235 | EV30: 138.3 | EW30: -11.2 | EX30: 342 | EY30: 1 | EZ30: 0 | FA30: 0 | FB30: 342 | FC30: 236 | FD30: 138.6 | FE30: -7.3 | FF30: 342 | FG30: 1 | FH30: 0 | FI30: 0 | FJ30: 343 | FK30: 218 | FL30: 126.9 | FN30: 343 | FO30: 215 | FP30: 127.6 | FQ30: -1 | FR30: 138 | FS30: 115 | FT30: 20.9 | FV30: 138 | GA30: 344 | GB30: 342.71 | GC30: 212.91 | GD30: 3.18 | GE30: 344 | GF30: 359.32 | GG30: 211.98 | GH30: 6.7 | GI30: 344 | GJ30: 216.59 | GK30: -127.06 | GL30: -5.19 | GM30: 344 | GN30: 199.4 | GO30: -127.23 | GP30: -12.31 | GQ30: 344 | GR30: 133.79 | GS30: -83.92 | GT30: 6.37 | GU30: 344 | GV30: 145.95 | GW30: -82 | GX30: 5.11 | GZ30: 134KV | HA30: 34KV | HB30: 112 | HC30: 5.6 | HD30: 2.24 | HE30: 8 | HF30: 50 | HG30: 48 | HH30: 134KV | HI30: 34KV | HJ30: 212 | HK30: 10.6 | HL30: 4.24 | HM30: 5 | HN30: 58 | HO30: 58 | HP30: 134KV | HQ30: 34KV | HR30: 90 | HS30: 4.5 | HT30: 2.25 | HU30: 7 | HV30: 56 | HW30: 56 | HY30: 136 | HZ30: 33 | IA30: 148 | IB30: 7.4 | ID30: 2 | IE30: 72 | IF30: 52 | IH30: 141 | II30: 33.2 | IJ30: 143 | IK30: 6.9 | IL30: 7.9 | IM30: 4 | IN30: 45 | IO30: 44 | IP30: 141 | IQ30: 35.3 | IR30: 4 | IS30: 0.2 | IT30: 0.3 | IU30: 12 | IV30: 51 | IW30: 51 | IY30: 140.78 | IZ30: 35.09 | JA30: 473.18 | JB30: 23.65 | JC30: 8.13 | JD30: 3 | JE30: 63.54 | JF30: 44.33 | JG30: ON | JH30: ON | JI30: ON | JJ30: ON | JK30: ON | JL30: ON | JM30: ON | JN30: ON | JP30: 137 | JQ30: 32.2 | JR30: 0 | JS30: 0 | JT30: 0 | JU30: 2 | JV30: 49 | JW30: 48 | JX30: 137 | JY30: 34.2 | JZ30: 116 | KA30: 6.8 | KB30: 2.6 | KC30: 2 | KD30: 56 | KE30: 54 | KG30: O/S | KH30: O/S | KI30: O/S | KJ30: O/S | KL30: 1 | KM30: O/S | KN30: O/S | KO30: 137 | KP30: 33 | KQ30: 122 | KR30: 6.6 | KT30: 1 | KU30: 46 | KV30: 44 | KX30: 139 | KY30: 34 | KZ30: 137 | LA30: 6.7 | LB30: 1.5 | LC30: 3 | LD30: 57 | LE30: 57 | LF30: 139 | LG30: 34 | LH30: 153 | LI30: 7.5 | LJ30: 5 | LK30: 5 | LL30: 52 | LM30: 54 | LO30: 348 | LP30: 172 | LQ30: 100 | LR30: 75 | LS30: 335 | LT30: 35 | LU30: 1.1 | LV30: 143 | LW30: 60 | LX30: 52 | LY30: 51 | LZ30: 10 | MA30: 65 | MB30: 14 | MC30: 141 | MD30: 112 | ME30: 55 | MF30: 50 | MG30: 8 | MH30: TS | MI30: TS | MJ30: TS | MK30: TS | ML30: 40 | MM30: 40 | MN30: 5 | MT30: 7 | MU30: 7 | MV30: 134 | MW30: 36 | MX30: 34 | MY30: DEFECTIVE | MZ30: 5 | NB30: 8 | NC30: 4 | ND30: 150 | NE30: 36 | NF30: 44 | NG30: 45 | NH30: 6 | NJ30: TS | NK30: TS | NL30: TS | NM30: TS | NN30: 44 | NO30: 49 | NP30: 4
A31: 0.75 | C31: 50.28 | D31: 340 | E31: 136 | F31: 37 | G31: 7.9 | I31: 6 | J31: 53 | K31: 52 | L31: 140 | M31: 76 | N31: 19.1 | P31: 6 | Q31: 56 | R31: 52 | S31: 344.8 | T31: 179.7 | U31: 91.2 | W31: 378 | X31: 129.6 | Y31: 65.1 | AA31: 344.3 | AB31: 362.8 | AC31: 235.6 | AE31: 344 | AF31: 399.2 | AG31: 215.7 | AI31: 349.7 | AJ31: 363.6 | AK31: 232.1 | AM31: 342.1 | AN31: 391.6 | AO31: 220.7 | AQ31: 136 | AR31: =F31 -> 37 | AS31: =G31 -> 7.9 | AU31: =L31 -> 140 | AV31: =M31 -> 76 | AW31: =N31 -> 19.1 | AY31: 136 | BE31: 32 | BF31: 477 | BG31: 6.9 | BI31: 22 | BJ31: 91 | BK31: 63 | BM31: 344 | BN31: 145 | BO31: 156 | BP31: 7.8 | BR31: 6 | BS31: 66 | BT31: 70 | BU31: =BM31 -> 344 | BV31: 354 | BW31: 205 | BX31: 20 | BY31: 337 | BZ31: 370 | CA31: 206 | CB31: 17 | CC31: 342 | CD31: 280 | CE31: 160 | CF31: 12 | CG31: 337 | CH31: 288 | CI31: 162 | CJ31: 14 | CK31: 350 | CL31: 159 | CM31: 106 | CN31: 2 | CO31: 334 | CP31: 328 | CQ31: 162 | CR31: 11 | CS31: 337 | CT31: 321 | CU31: 186 | CV31: 116 | CW31: 340 | CX31: 196 | CY31: 94 | CZ31: 58 | DA31: 326 | DB31: 207 | DC31: 96 | DD31: 58 | DE31: =BN31 -> 145 | DF31: 35.3 | DG31: =BO31 -> 156 | DH31: =BP31 -> 7.8 | DJ31: 7 | DK31: 60 | DL31: 55 | DN31: 343 | DO31: 141 | DP31: 31.09 | DQ31: 21.34 | DR31: 5.82 | DS31: 8 | DT31: 46 | DU31: 50.4 | EE31: 343 | EF31: 137 | EG31: 72 | EH31: 3 | EJ31: 9 | EK31: 54 | EL31: 56 | EN31: 113 | EO31: 4.8 | EQ31: 9 | ER31: 55 | ES31: 56 | ET31: 342 | EU31: 238 | EV31: 138.3 | EW31: -11.5 | EX31: 340 | EY31: 0 | EZ31: 0 | FA31: 0 | FB31: 341 | FC31: 238 | FD31: 138.5 | FE31: -5.2 | FF31: 340 | FG31: 0 | FH31: 0 | FI31: 0 | FJ31: 343 | FK31: 222 | FL31: 129 | FN31: 343 | FO31: 236 | FP31: 130 | FQ31: 2.1 | FR31: 137 | FS31: 100 | FT31: 16.91 | FV31: 137 | GA31: 341 | GB31: 377.19 | GC31: 232.76 | GD31: 18.76 | GE31: 341 | GF31: 399.17 | GG31: 231.09 | GH31: 21.19 | GI31: 341 | GJ31: 222.77 | GK31: -129.66 | GL31: -4.94 | GM31: 341 | GN31: 205.89 | GO31: -129.57 | GP31: -13.74 | GQ31: 341 | GR31: 172.21 | GS31: -107.71 | GT31: -3.43 | GU31: 341 | GV31: 185.86 | GW31: -106.46 | GX31: -4.61 | GZ31: 134KV | HA31: 34KV | HB31: 103 | HC31: 5.15 | HD31: 2.06 | HE31: 8 | HF31: 50 | HG31: 48 | HH31: 134KV | HI31: 34KV | HJ31: 80 | HK31: 4 | HL31: 1.6 | HM31: 5 | HN31: 58 | HO31: 58 | HP31: 134KV | HQ31: 34KV | HR31: 84 | HS31: 4.2 | HT31: 2.1 | HU31: 7 | HV31: 56 | HW31: 56 | HY31: 135 | HZ31: 33 | IA31: 78 | IB31: 3.9 | ID31: 2 | IE31: 72 | IF31: 52 | IH31: 141 | II31: 33 | IJ31: 140 | IK31: 6.8 | IL31: 7.8 | IM31: 4 | IN31: 45 | IO31: 44 | IP31: 141 | IQ31: 35.3 | IR31: 4 | IS31: 0.2 | IT31: 0.3 | IU31: 12 | IV31: 50 | IW31: 48 | IY31: 140.82 | IZ31: 35.2 | JA31: 375.42 | JB31: 18.77 | JC31: 8.12 | JD31: 3 | JE31: 54.03 | JF31: 44.33 | JG31: ON | JH31: ON | JI31: ON | JJ31: ON | JK31: ON | JL31: ON | JM31: ON | JN31: ON | JP31: 137 | JQ31: 32.2 | JR31: 0 | JS31: 0 | JT31: 0 | JU31: 2 | JV31: 49 | JW31: 47 | JX31: 137 | JY31: 34 | JZ31: 120 | KA31: 6.5 | KB31: 2.4 | KC31: 2 | KD31: 53 | KE31: 52 | KG31: O/S | KH31: O/S | KI31: O/S | KJ31: O/S | KL31: 1 | KM31: O/S | KN31: O/S | KO31: 135 | KP31: 32 | KQ31: 119 | KR31: 6.4 | KT31: 1 | KU31: 50 | KV31: 48 | KX31: 138 | KY31: 33 | KZ31: 216 | LA31: 7.4 | LB31: 2 | LC31: 3 | LD31: 53 | LE31: 53 | LF31: 138 | LG31: 33 | LH31: 151 | LI31: 7.4 | LJ31: 5 | LK31: 5 | LL31: 51 | LM31: 54 | LO31: 347 | LP31: 175 | LQ31: 103 | LR31: 74 | LS31: 338 | LT31: 44 | LU31: 2 | LV31: 143 | LW31: 75 | LX31: 52 | LY31: 50 | LZ31: 10 | MA31: 59 | MB31: 18 | MC31: 141 | MD31: 100 | ME31: 54 | MF31: 50 | MG31: 8 | MH31: TS | MI31: TS | MJ31: TS | MK31: TS | ML31: 40 | MM31: 40 | MN31: 5 | MT31: 1 | MU31: 1 | MV31: 19 | MW31: 36 | MX31: 34 | MY31: DEFECTIVE | MZ31: 5 | NB31: 14 | NC31: 6 | ND31: 244 | NE31: 36 | NF31: 44 | NG31: 45 | NH31: 6 | NJ31: TS | NK31: TS | NL31: TS | NM31: TS | NN31: 44 | NO31: 49 | NP31: 4
A32: 0.79166667 | C32: 50.25 | D32: 340 | E32: 136 | F32: 80 | G32: 17.6 | I32: 6 | J32: 53 | K32: 52 | L32: 140 | M32: 75 | N32: 19.1 | P32: 6 | Q32: 56 | R32: 52 | S32: 345.1 | T32: 205.7 | U32: 121.9 | W32: 378.6 | X32: 149.4 | Y32: 84.8 | AA32: 345.1 | AB32: 326.2 | AC32: 215.9 | AE32: 345.1 | AF32: 365.2 | AG32: 198.9 | AI32: 351 | AJ32: 368.3 | AK32: 233.5 | AM32: 343.5 | AN32: 391.9 | AO32: 222.7 | AQ32: 136 | AR32: =F32 -> 80 | AS32: =G32 -> 17.6 | AU32: =L32 -> 140 | AV32: =M32 -> 75 | AW32: =N32 -> 19.1 | AY32: 136 | BE32: 32 | BF32: 427 | BG32: 7.1 | BI32: 22 | BJ32: 91 | BK32: 63 | BM32: 346 | BN32: 147 | BO32: 105 | BP32: 5.3 | BR32: 6 | BS32: 58 | BT32: 57 | BU32: =BM32 -> 346 | BV32: 345 | BW32: 205 | BX32: 28 | BY32: 338 | BZ32: 363 | CA32: 205 | CB32: 27 | CC32: 342 | CD32: 280 | CE32: 160 | CF32: 10 | CG32: 337 | CH32: 280 | CI32: 160 | CJ32: 10 | CK32: 351 | CL32: 156 | CM32: 104 | CN32: 5 | CO32: 335 | CP32: 318 | CQ32: 158 | CR32: 3 | CS32: 338 | CT32: 317 | CU32: 186 | CV32: 108 | CW32: 340 | CX32: 203 | CY32: 97 | CZ32: 56 | DA32: 324 | DB32: 205 | DC32: 96 | DD32: 59 | DE32: =BN32 -> 147 | DF32: 36 | DG32: 105 | DH32: 5.3 | DJ32: 7 | DK32: 56 | DL32: 54 | DN32: 343 | DO32: 141 | DP32: 27.22 | DQ32: 15.45 | DR32: 3.16 | DS32: 8 | DT32: 44 | DU32: 49 | EE32: 344 | EF32: 138 | EG32: 70 | EH32: 2.9 | EJ32: 9 | EK32: 53 | EL32: 56 | EN32: 121 | EO32: 5.3 | EQ32: 9 | ER32: 54 | ES32: 56 | ET32: 344 | EU32: 235 | EV32: 138.2 | EW32: -11.9 | EX32: 345 | EY32: 0 | EZ32: 0 | FA32: 0 | FB32: 343 | FC32: 236 | FD32: 138.7 | FE32: -5.7 | FF32: 344 | FG32: 0 | FH32: 0 | FI32: 0 | FJ32: 343 | FK32: 228 | FL32: 132 | FN32: 344 | FO32: 208 | FP32: 132.9 | FQ32: 3.3 | FR32: 138 | FS32: 80 | FT32: 13.51 | FV32: 138 | GA32: 343 | GB32: 369.96 | GC32: 230.33 | GD32: 11.89 | GE32: 343 | GF32: 389.36 | GG32: 227.9 | GH32: 16.17 | GI32: 343 | GJ32: 228.75 | GK32: -132.34 | GL32: -8.88 | GM32: 343 | GN32: 209.26 | GO32: -132.67 | GP32: -16.17 | GQ32: 343 | GR32: 152.45 | GS32: -96.66 | GT32: 0 | GU32: 343 | GV32: 165.91 | GW32: -95.82 | GX32: 0 | GZ32: 134KV | HA32: 34KV | HB32: 114 | HC32: 5.7 | HD32: 2.28 | HE32: 8 | HF32: 62 | HG32: 59 | HH32: 134KV | HI32: 34KV | HJ32: 130 | HK32: 6.5 | HL32: 2.6 | HM32: 5 | HN32: 60 | HO32: 60 | HP32: 134KV | HQ32: 34KV | HR32: 177 | HS32: 8.85 | HT32: 4.425 | HU32: 7 | HV32: 58 | HW32: 58 | HY32: 135 | HZ32: 33 | IA32: 70 | IB32: 3.5 | ID32: 2 | IE32: 72 | IF32: 52 | IH32: 141 | II32: 33.2 | IJ32: 141 | IK32: 6.8 | IL32: 7.8 | IM32: 4 | IN32: 44 | IO32: 42 | IP32: 141 | IQ32: 35.3 | IR32: 4 | IS32: 0.2 | IT32: 0.3 | IU32: 12 | IV32: 50 | IW32: 48 | IY32: 141.32 | IZ32: 35.64 | JA32: 256.86 | JB32: 12.84 | JC32: 7 | JD32: 3 | JE32: 52.27 | JF32: 49.14 | JG32: ON | JH32: ON | JI32: ON | JJ32: ON | JK32: ON | JL32: ON | JM32: ON | JN32: ON | JP32: 138 | JQ32: 33 | JR32: 0 | JS32: 0 | JT32: 0 | JU32: 2 | JV32: 46 | JW32: 45 | JX32: 138 | JY32: 34.7 | JZ32: 114 | KA32: 6.3 | KB32: 2.4 | KC32: 2 | KD32: 53 | KE32: 52 | KG32: O/S | KH32: O/S | KI32: O/S | KJ32: O/S | KL32: 1 | KM32: O/S | KN32: O/S | KO32: 138 | KP32: 34 | KQ32: 68 | KR32: 3.8 | KT32: 1 | KU32: 50 | KV32: 48 | KX32: 136 | KY32: 33 | KZ32: 265 | LA32: 13 | LB32: 4 | LC32: 3 | LD32: 53 | LE32: 53 | LF32: 136 | LG32: 35 | LH32: 146 | LI32: 7.2 | LJ32: 5 | LK32: 5 | LL32: 51 | LM32: 54 | LO32: 346 | LP32: 203 | LQ32: 111 | LR32: 73 | LS32: 337 | LT32: 49 | LU32: 4 | LV32: 142 | LW32: 91 | LX32: 52 | LY32: 50 | LZ32: 10 | MA32: 62 | MB32: 11.8 | MC32: 139 | MD32: 112 | ME32: 54 | MF32: 50 | MG32: 8 | MH32: TS | MI32: TS | MJ32: TS | MK32: TS | ML32: 40 | MM32: 38 | MN32: 5 | MT32: 4.5 | MU32: 2 | MV32: 77 | MW32: 36 | MX32: 38 | MY32: DEFECTIVE | MZ32: 5 | NB32: 16.2 | NC32: 6.4 | ND32: 294 | NE32: 36 | NF32: 50 | NG32: 48 | NH32: 6 | NJ32: TS | NK32: TS | NL32: TS | NM32: TS | NN32: 48 | NO32: 46 | NP32: 4
A33: 0.83333333 | C33: 50.15 | D33: 341 | E33: 136 | F33: 73 | G33: 16.1 | I33: 6 | J33: 53 | K33: 52 | L33: 141 | M33: 64 | N33: 15.9 | P33: 6 | Q33: 56 | R33: 52 | S33: 346.6 | T33: 228.8 | U33: 138.5 | W33: 379.4 | X33: 163.6 | Y33: 99.6 | AA33: 346.5 | AB33: 312.2 | AC33: 207.3 | AE33: 345.8 | AF33: 347.1 | AG33: 187.9 | AI33: 352.1 | AJ33: 363.4 | AK33: 232.2 | AM33: 344.7 | AN33: 386.1 | AO33: 220.4 | AQ33: 136 | AR33: =F33 -> 73 | AS33: =G33 -> 16.1 | AU33: =L33 -> 141 | AV33: =M33 -> 64 | AW33: =N33 -> 15.9 | AY33: 136 | BE33: 0 | BF33: 0 | BG33: 0 | BI33: 22 | BJ33: 91 | BK33: 63 | BM33: 346 | BN33: 147 | BO33: 107 | BP33: 5.4 | BR33: 6 | BS33: 58 | BT33: 57 | BU33: =BM33 -> 346 | BV33: 353 | BW33: 205 | BX33: 31 | BY33: 338 | BZ33: 370 | CA33: 206 | CB33: 29 | CC33: 345 | CD33: 274 | CE33: 158 | CF33: 12 | CG33: 338 | CH33: 280 | CI33: 157 | CJ33: 9 | CK33: 352 | CL33: 156 | CM33: 105 | CN33: 8 | CO33: 335 | CP33: 319 | CQ33: 159 | CR33: 6 | CS33: 338 | CT33: 319 | CU33: 189 | CV33: 110 | CW33: 341 | CX33: 198 | CY33: 91 | CZ33: 59 | DA33: 327 | DB33: 207 | DC33: 93 | DD33: 63 | DE33: =BN33 -> 147 | DF33: 36 | DG33: =BO33 -> 107 | DH33: =BP33 -> 5.4 | DJ33: 7 | DK33: 56 | DL33: 54 | DN33: 344 | DO33: 141 | DP33: 35.41 | DQ33: 20.52 | DR33: 3.43 | DS33: 8 | DT33: 44 | DU33: 44 | EE33: 344 | EF33: 139 | EG33: 71 | EH33: 3 | EJ33: 9 | EK33: 52 | EL33: 55 | EN33: 122 | EO33: 5.3 | EQ33: 9 | ER33: 53 | ES33: 55 | ET33: 344 | EU33: 236 | EV33: 138.3 | EW33: -8.9 | EX33: 343 | EY33: 0 | EZ33: 0 | FA33: 0 | FB33: 342 | FC33: 237 | FD33: 138.8 | FE33: -4.9 | FF33: 344 | FG33: 0 | FH33: 0 | FI33: 0 | FJ33: 342 | FK33: 229 | FL33: 133 | FN33: 344 | FO33: 209 | FP33: 133.8 | FQ33: 4.2 | FR33: 139 | FS33: 79 | FT33: 8.41 | FV33: 139 | GA33: 344 | GB33: 367.67 | GC33: 230.75 | GD33: 11.47 | GE33: 344 | GF33: 388.48 | GG33: 226.98 | GH33: 15.5 | GI33: 344 | GJ33: 229.04 | GK33: -133.68 | GL33: -10.22 | GM33: 344 | GN33: 210.28 | GO33: -133.43 | GP33: -17.84 | GQ33: 344 | GR33: 150.06 | GS33: -95.23 | GT33: 0 | GU33: 344 | GV33: 164.12 | GW33: -94.48 | GX33: 0 | GZ33: 134KV | HA33: 34KV | HB33: 112 | HC33: 5.6 | HD33: 2.24 | HE33: 8 | HF33: 59 | HG33: 55 | HH33: 134KV | HI33: 34KV | HJ33: 130 | HK33: 6.5 | HL33: 2.6 | HM33: 5 | HN33: 62 | HO33: 62 | HP33: 134KV | HQ33: 34KV | HR33: 190 | HS33: 9.5 | HT33: 4.75 | HU33: 7 | HV33: 60 | HW33: 60 | HY33: 135 | HZ33: 33 | IA33: 36 | IB33: 1.8 | ID33: 2 | IE33: 72 | IF33: 52 | IH33: 141 | II33: 33.2 | IJ33: 183 | IK33: 9.3 | IL33: 10.4 | IM33: 4 | IN33: 44 | IO33: 42 | IP33: 141 | IQ33: 35.4 | IR33: 4 | IS33: 0.1 | IT33: 0.2 | IU33: 12 | IV33: 48 | IW33: 46 | IY33: 141.1 | IZ33: 35.49 | JA33: 392.78 | JB33: 19.63 | JC33: 2.55 | JD33: 3 | JE33: 47.18 | JF33: 47.37 | JG33: ON | JH33: ON | JI33: ON | JJ33: ON | JK33: ON | JL33: ON | JM33: ON | JN33: ON | JP33: 140 | JQ33: 33 | JR33: 0 | JS33: 0 | JT33: 0 | JU33: 2 | JV33: 43 | JW33: 43 | JX33: 140 | JY33: 34.8 | JZ33: 122 | KA33: 6.6 | KB33: 2.5 | KC33: 2 | KD33: 52 | KE33: 52 | KG33: O/S | KH33: O/S | KI33: O/S | KJ33: O/S | KL33: 1 | KM33: O/S | KN33: O/S | KO33: 140 | KP33: 34 | KQ33: DS | KR33: DS | KT33: 1 | KU33: 50 | KV33: 48 | KX33: 134 | KY33: 34 | KZ33: 261 | LA33: 12.8 | LB33: 4 | LC33: 3 | LD33: 53 | LE33: 53 | LF33: 134 | LG33: 34 | LH33: 208 | LI33: 10.2 | LJ33: 5 | LK33: 5 | LL33: 51 | LM33: 54 | LO33: 345 | LP33: 207 | LQ33: 113 | LR33: 74 | LS33: 336 | LT33: 53 | LU33: 5.9 | LV33: 142 | LW33: 98 | LX33: 52 | LY33: 49 | LZ33: 10 | MA33: 60 | MB33: 13.1 | MC33: 139 | MD33: 109 | ME33: 54 | MF33: 50 | MG33: 8 | MH33: TS | MI33: TS | MJ33: TS | MK33: TS | ML33: 40 | MM33: 38 | MN33: 5 | MT33: 4.7 | MU33: 2 | MV33: 80 | MW33: 36 | MX33: 38 | MY33: DEFECTIVE | MZ33: 5 | NB33: 16.5 | NC33: 5.7 | ND33: 294 | NE33: 36 | NF33: 49 | NG33: 48 | NH33: 6 | NJ33: TS | NK33: TS | NL33: TS | NM33: TS | NN33: 48 | NO33: 46 | NP33: 4
A34: 0.875 | C34: 50.29 | D34: 342 | E34: 136 | F34: 52 | G34: 11.1 | I34: 6 | J34: 53 | K34: 52 | L34: 141 | M34: 74 | N34: 18.8 | P34: 6 | Q34: 56 | R34: 52 | S34: 347.1 | T34: 208.4 | U34: 122.6 | W34: 380.5 | X34: 166.5 | Y34: 100.9 | AA34: 347.7 | AB34: 306.2 | AC34: 205.8 | AE34: 347.2 | AF34: 342.1 | AG34: 187.2 | AI34: 353.4 | AJ34: 341.8 | AK34: 219.4 | AM34: 346.1 | AN34: 362.6 | AO34: 209.3 | AQ34: 136 | AR34: =F34 -> 52 | AS34: =G34 -> 11.1 | AU34: =L34 -> 141 | AV34: =M34 -> 74 | AW34: =N34 -> 18.8 | AY34: 136 | BE34: 0 | BF34: 0 | BG34: 0 | BI34: 22 | BJ34: 91 | BK34: 63 | BM34: 345 | BN34: 147 | BO34: 199 | BP34: 9.95 | BR34: 6 | BS34: 56 | BT34: 56 | BU34: 345 | BV34: 346 | BW34: 204 | BX34: 31 | BY34: 338 | BZ34: 370 | CA34: 206 | CB34: 30 | CC34: 345 | CD34: 270 | CE34: 156 | CF34: 8 | CG34: 338 | CH34: 278 | CI34: 155 | CJ34: 9 | CK34: 351 | CL34: 154 | CM34: 103 | CN34: 5 | CO34: 335 | CP34: 321 | CQ34: 158 | CR34: 3 | CS34: 338 | CT34: 317 | CU34: 189 | CV34: 106 | CW34: 339 | CX34: 198 | CY34: 91 | CZ34: 59 | DA34: 327 | DB34: 206 | DC34: 93 | DD34: 62 | DE34: =BN34 -> 147 | DF34: 36 | DG34: =BO34 -> 199 | DH34: =BP34 -> 9.95 | DJ34: 7 | DK34: 55 | DL34: 53 | DN34: 344 | DO34: 141 | DP34: 28.33 | DQ34: 16.42 | DR34: 2.38 | DS34: 8 | DT34: 44 | DU34: 48 | EE34: 345 | EF34: 139 | EG34: 71 | EH34: 3 | EJ34: 9 | EK34: 52 | EL34: 55 | EN34: 121 | EO34: 5.3 | EQ34: 9 | ER34: 52 | ES34: 55 | ET34: 345 | EU34: 236 | EV34: 138.2 | EW34: -8.3 | EX34: 344 | EY34: 0 | EZ34: 0 | FA34: 0 | FB34: 343 | FC34: 237 | FD34: 138.5 | FE34: -5.2 | FF34: 343 | FG34: 0 | FH34: 0 | FI34: 0 | FJ34: 343 | FK34: 221 | FL34: 128.6 | FN34: 345 | FO34: 202 | FP34: 129.3 | FQ34: 1.9 | FR34: 139 | FS34: 100 | FT34: 17.11 | FV34: 139 | GA34: 345 | GB34: 350.35 | GC34: 222.71 | GD34: 8.12 | GE34: 345 | GF34: 374.02 | GG34: 219.44 | GH34: 10.72 | GI34: 345 | GJ34: 219.81 | GK34: -128.57 | GL34: -9.3 | GM34: 345 | GN34: 201.05 | GO34: -128.4 | GP34: -15.91 | GQ34: 345 | GR34: 146.1 | GS34: -92.89 | GT34: 4.44 | GU34: 345 | GV34: 161.19 | GW34: -92.47 | GX34: 0 | GZ34: 134KV | HA34: 34KV | HB34: 152 | HC34: 7.6 | HD34: 3.04 | HE34: 8 | HF34: 57 | HG34: 53 | HH34: 134KV | HI34: 34KV | HJ34: 125 | HK34: 6.25 | HL34: 2.5 | HM34: 5 | HN34: 60 | HO34: 60 | HP34: 134KV | HQ34: 34KV | HR34: 93 | HS34: 4.65 | HT34: 2.325 | HU34: 7 | HV34: 60 | HW34: 60 | HY34: 135 | HZ34: 33 | IA34: 92 | IB34: 4.6 | ID34: 2 | IE34: 70 | IF34: 50 | IH34: 140 | II34: 33 | IJ34: 189 | IK34: 9.8 | IL34: 10.5 | IM34: 4 | IN34: 43 | IO34: 41 | IP34: 140 | IQ34: 35.1 | IR34: 4 | IS34: 0.1 | IT34: 0.2 | IU34: 12 | IV34: 48 | IW34: 46 | IY34: 141.2 | IZ34: 35.62 | JA34: 372.2 | JB34: 18.61 | JC34: 4.65 | JD34: 3 | JE34: 50.33 | JF34: 46.47 | JG34: ON | JH34: ON | JI34: ON | JJ34: ON | JK34: ON | JL34: ON | JM34: ON | JN34: ON | JP34: 138 | JQ34: 32.5 | JR34: 0 | JS34: 0 | JT34: 0 | JU34: 2 | JV34: 42 | JW34: 41 | JX34: 138 | JY34: 34.5 | JZ34: 119 | KA34: 6.4 | KB34: 2.2 | KC34: 2 | KD34: 49 | KE34: 48 | KG34: O/S | KH34: O/S | KI34: O/S | KJ34: O/S | KL34: 1 | KM34: O/S | KN34: O/S | KO34: 137 | KP34: 33 | KQ34: 110 | KR34: 6.2 | KT34: 1 | KU34: 50 | KV34: 48 | KX34: 130 | KY34: 33 | KZ34: 228 | LA34: 11.2 | LB34: 3.8 | LC34: 3 | LD34: 51 | LE34: 52 | LF34: 130 | LG34: 33 | LH34: 316 | LI34: 15.5 | LJ34: 5 | LK34: 5 | LL34: 50 | LM34: 52 | LO34: 344 | LP34: 224 | LQ34: 117 | LR34: 73 | LS34: 335 | LT34: 57 | LU34: 9.3 | LV34: 141 | LW34: 110 | LX34: 52 | LY34: 49 | LZ34: 10 | MA34: 60 | MB34: 13.9 | MC34: 139 | MD34: 114 | ME34: 53 | MF34: 49 | MG34: 8 | MH34: TS | MI34: TS | MJ34: TS | MK34: TS | ML34: 40 | MM34: 38 | MN34: 5 | MT34: 4.4 | MU34: 2 | MV34: 74 | MW34: 36 | MX34: 36 | MY34: DEFECTIVE | MZ34: 5 | NB34: 16.7 | NC34: 5.3 | ND34: 297 | NE34: 36 | NF34: 50 | NG34: 48 | NH34: 6 | NJ34: TS | NK34: TS | NL34: TS | NM34: TS | NN34: 48 | NO34: 46 | NP34: 4
A35: 0.91666667 | C35: 50.19 | D35: 341 | E35: 136 | F35: 70 | G35: 15.4 | I35: 6 | J35: 53 | K35: 52 | L35: 140 | M35: 98 | N35: 24.7 | P35: 6 | Q35: 56 | R35: 52 | S35: 346.1 | T35: 225.1 | U35: 132.5 | W35: 379.2 | X35: 176.8 | Y35: 99.3 | AA35: 346.5 | AB35: 298.8 | AC35: 199.7 | AE35: 345.9 | AF35: 333.8 | AG35: 181.1 | AI35: 352.4 | AJ35: 353.1 | AK35: 224.9 | AM35: 344.7 | AN35: 384.6 | AO35: 217.2 | AQ35: 136 | AR35: =F35 -> 70 | AS35: =G35 -> 15.4 | AU35: =L35 -> 140 | AV35: =M35 -> 98 | AW35: =N35 -> 24.7 | AY35: 136 | BE35: 0 | BF35: 0 | BG35: 0 | BI35: 22 | BJ35: 85 | BK35: 59 | BM35: 345 | BN35: 147 | BO35: 238 | BP35: 11.9 | BR35: 6 | BS35: 64 | BT35: 63 | BU35: 345 | BV35: 345 | BW35: 204 | BX35: 26 | BY35: 338 | BZ35: 368 | CA35: 202 | CB35: 24 | CC35: 345 | CD35: 260 | CE35: 148 | CF35: 4 | CG35: 337 | CH35: 266 | CI35: 148 | CJ35: 4 | CK35: 351 | CL35: 149 | CM35: 100 | CN35: 2 | CO35: 334 | CP35: 301 | CQ35: 149 | CR35: 2 | CS35: 338 | CT35: 307 | CU35: 182 | CV35: 101 | CW35: 339 | CX35: 193 | CY35: 91 | CZ35: 57 | DA35: 327 | DB35: 202 | DC35: 91 | DD35: 58 | DE35: =BN35 -> 147 | DF35: 35.2 | DG35: =BO35 -> 238 | DH35: =BP35 -> 11.9 | DJ35: 7 | DK35: 56 | DL35: 50 | DN35: 343 | DO35: 141 | DP35: 37.76 | DQ35: 21.01 | DR35: 5.6 | DS35: 8 | DT35: 44 | DU35: 45.1 | EE35: 344 | EF35: 138 | EG35: 72 | EH35: 3 | EJ35: 9 | EK35: 50 | EL35: 53 | EN35: 121 | EO35: 5.3 | EQ35: 9 | ER35: 53 | ES35: 51 | ET35: 344 | EU35: 240 | EV35: 138.3 | EW35: -19.2 | EX35: 341 | EY35: 0 | EZ35: 0 | FA35: 0 | FB35: 340 | FC35: 239 | FD35: 138 | FE35: -13.6 | FF35: 340 | FG35: 0 | FH35: 0 | FI35: 0 | FJ35: 339 | FK35: 221 | FL35: 128.2 | FN35: 344 | FO35: 202 | FP35: 130 | FQ35: 1.9 | FR35: 138 | FS35: 111 | FT35: 14.7 | FV35: 138 | GA35: 343 | GB35: 345.6 | GC35: 221.37 | GD35: 10.89 | GE35: 343 | GF35: 376.24 | GG35: 219.95 | GH35: 15.41 | GI35: 343 | GJ35: 224.21 | GK35: -129.57 | GL35: -8.54 | GM35: 343 | GN35: 204.72 | GO35: -129.57 | GP35: -16.25 | GQ35: 343 | GR35: 146.15 | GS35: -93.97 | GT35: 0 | GU35: 343 | GV35: 160.9 | GW35: -93.31 | GX35: -3.02 | GZ35: 134KV | HA35: 34KV | HB35: 174 | HC35: 8.7 | HD35: 3.48 | HE35: 8 | HF35: 57 | HG35: 53 | HH35: 134KV | HI35: 34KV | HJ35: 122 | HK35: 6.1 | HL35: 2.44 | HM35: 5 | HN35: 55 | HO35: 55 | HP35: 134KV | HQ35: 34KV | HR35: 177 | HS35: 8.85 | HT35: 4.425 | HU35: 7 | HV35: 58 | HW35: 58 | HY35: 135 | HZ35: 33 | IA35: 126 | IB35: 6.3 | ID35: 2 | IE35: 70 | IF35: 58 | IH35: 140 | II35: 32.9 | IJ35: 174 | IK35: 8.7 | IL35: 9.8 | IM35: 4 | IN35: 43 | IO35: 41 | IP35: 140 | IQ35: 35.1 | IR35: 4 | IS35: 0.1 | IT35: 0.2 | IU35: 12 | IV35: 48 | IW35: 46 | IY35: 140.47 | IZ35: 35.11 | JA35: 428.94 | JB35: 21.44 | JC35: 3.53 | JD35: 3 | JE35: 48.11 | JF35: 43.39 | JG35: ON | JH35: ON | JI35: ON | JJ35: ON | JK35: ON | JL35: ON | JM35: ON | JN35: ON | JP35: 138 | JQ35: 32.5 | JR35: 0 | JS35: 0 | JT35: 0 | JU35: 2 | JV35: 42 | JW35: 42 | JX35: 138 | JY35: 34.6 | JZ35: 113 | KA35: 5.9 | KB35: 2.1 | KC35: 2 | KD35: 46 | KE35: 46 | KG35: O/S | KH35: O/S | KI35: O/S | KJ35: O/S | KL35: 1 | KM35: O/S | KN35: O/S | KO35: 137 | KP35: 33 | KQ35: 61 | KR35: 3.5 | KT35: 1 | KU35: 50 | KV35: 48 | KX35: 128 | KY35: 32 | KZ35: 212 | LA35: 10.4 | LB35: 3 | LC35: 3 | LD35: 51 | LE35: 52 | LF35: 128 | LG35: 33 | LH35: 346 | LI35: 17 | LJ35: 5 | LK35: 5 | LL35: 50 | LM35: 52 | LO35: 341 | LP35: 242 | LQ35: 122 | LR35: 72 | LS35: 334 | LT35: 57 | LU35: 10.8 | LV35: 139 | LW35: 113 | LX35: 51 | LY35: 48 | LZ35: 10 | MA35: 65 | MB35: 10.6 | MC35: 137 | MD35: 130 | ME35: 54 | MF35: 49 | MG35: 8 | MH35: TS | MI35: TS | MJ35: TS | MK35: TS | ML35: 40 | MM35: 38 | MN35: 5 | MT35: 8.8 | MU35: 2 | MV35: 158 | MW35: 36 | MX35: 35 | MY35: DEFECTIVE | MZ35: 5 | NB35: 16.2 | NC35: 5.2 | ND35: 296 | NE35: 36 | NF35: 49 | NG35: 48 | NH35: 6 | NJ35: TS | NK35: TS | NL35: TS | NM35: TS | NN35: 48 | NO35: 46 | NP35: 4
A36: 0.95833333 | C36: 50.18 | D36: 340 | E36: 136 | F36: 92 | G36: 20.1 | I36: 6 | J36: 52 | K36: 51 | L36: 140 | M36: 78 | N36: 19.5 | P36: 6 | Q36: 56 | R36: 50 | S36: 345.4 | T36: 222.7 | U36: 132.2 | W36: 378.8 | X36: 175.1 | Y36: 99.9 | AA36: 345.5 | AB36: 290.3 | AC36: 192.4 | AE36: 345.2 | AF36: 324.3 | AG36: 174.8 | AI36: 351.3 | AJ36: 344.8 | AK36: 218.6 | AM36: 343.4 | AN36: 366.5 | AO36: 210.7 | AQ36: 136 | AR36: =F36 -> 92 | AS36: =G36 -> 20.1 | AU36: =L36 -> 140 | AV36: =M36 -> 78 | AW36: =N36 -> 19.5 | AY36: 136 | BE36: 0 | BF36: 0 | BG36: 0 | BI36: 22 | BJ36: 85 | BK36: 59 | BM36: 344 | BN36: 146 | BO36: 226 | BP36: 11.3 | BR36: 6 | BS36: 64 | BT36: 63 | BU36: 344 | BV36: 351 | BW36: 203 | BX36: 20 | BY36: 337 | BZ36: 367 | CA36: 204 | CB36: 18 | CC36: 343 | CD36: 262 | CE36: 148 | CF36: 4 | CG36: 337 | CH36: 266 | CI36: 148 | CJ36: 6 | CK36: 350 | CL36: 156 | CM36: 105 | CN36: 2 | CO36: 334 | CP36: 318 | CQ36: 157 | CR36: 4 | CS36: 337 | CT36: 319 | CU36: 187 | CV36: 111 | CW36: 340 | CX36: 181 | CY36: 82 | CZ36: 55 | DA36: 326 | DB36: 190 | DC36: 84 | DD36: 59 | DE36: =BN36 -> 146 | DF36: 35.2 | DG36: 226 | DH36: 11.3 | DJ36: 7 | DK36: 56 | DL36: 50 | DN36: 342 | DO36: 141 | DP36: 36.18 | DQ36: 20.61 | DR36: 5.19 | DS36: 8 | DT36: 42 | DU36: 46.3 | EE36: 343 | EF36: 138 | EG36: 89 | EH36: 3.7 | EJ36: 9 | EK36: 50 | EL36: 52 | EN36: 122 | EO36: 5.3 | EQ36: 9 | ER36: 50 | ES36: 52 | ET36: 343 | EU36: 240 | EV36: 138.5 | EW36: -19.5 | EX36: 341 | EY36: 0 | EZ36: 0 | FA36: 0 | FB36: 340 | FC36: 240 | FD36: 138.2 | FE36: -16.1 | FF36: 340 | FG36: 0 | FH36: 0 | FI36: 0 | FJ36: 339 | FK36: 228 | FL36: 131 | FN36: 343 | FO36: 208 | FP36: 132.5 | FQ36: -8 | FR36: 138 | FS36: 84 | FT36: 10.81 | FV36: 138 | GA36: 343 | GB36: 346.71 | GC36: 218.1 | GD36: 3.18 | GE36: 343 | GF36: 367.08 | GG36: 215.59 | GH36: 8.04 | GI36: 343 | GJ36: 225.53 | GK36: -131.5 | GL36: 0 | GM36: 343 | GN36: 206.91 | GO36: -132.34 | GP36: -5.19 | GQ36: 343 | GR36: 132.91 | GS36: -84.34 | GT36: 0 | GU36: 343 | GV36: 134.38 | GW36: -85.1 | GX36: 0 | GZ36: 134KV | HA36: 34KV | HB36: 168 | HC36: 8.4 | HD36: 3.36 | HE36: 8 | HF36: 57 | HG36: 53 | HH36: 134KV | HI36: 34KV | HJ36: 215 | HK36: 10.75 | HL36: 4.3 | HM36: 5 | HN36: 55 | HO36: 55 | HP36: 134KV | HQ36: 34KV | HR36: 174 | HS36: 8.7 | HT36: 4.35 | HU36: 7 | HV36: 56 | HW36: 56 | HY36: 135 | HZ36: 33 | IA36: 94 | IB36: 4.7 | ID36: 2 | IE36: 70 | IF36: 50 | IH36: 140 | II36: 32.7 | IJ36: 204 | IK36: 10.2 | IL36: 11.2 | IM36: 4 | IN36: 43 | IO36: 41 | IP36: 140 | IQ36: 35.1 | IR36: 4 | IS36: 0.1 | IT36: 0.2 | IU36: 12 | IV36: 48 | IW36: 46 | IY36: 140.42 | IZ36: 35.17 | JA36: 417.26 | JB36: 20.86 | JC36: 6.73 | JD36: 3 | JE36: 48.95 | JF36: 45.61 | JG36: ON | JH36: ON | JI36: ON | JJ36: ON | JK36: ON | JL36: ON | JM36: ON | JN36: ON | JP36: 139 | JQ36: 32.8 | JR36: 0 | JS36: 0 | JT36: 0 | JU36: 2 | JV36: 41 | JW36: 41 | JX36: 139 | JY36: 34.7 | JZ36: 109 | KA36: 5.3 | KB36: 2 | KC36: 2 | KD36: 45 | KE36: 45 | KG36: O/S | KH36: O/S | KI36: O/S | KJ36: O/S | KL36: 1 | KM36: O/S | KN36: O/S | KO36: 138 | KP36: 34 | KQ36: 4 | KR36: 0.2 | KT36: 1 | KU36: 50 | KV36: 48 | KX36: 128 | KY36: 32 | KZ36: 197 | LA36: 9.7 | LB36: 3 | LC36: 3 | LD36: 51 | LE36: 52 | LF36: 128 | LG36: 33 | LH36: 297 | LI36: 14.6 | LJ36: 5 | LK36: 5 | LL36: 50 | LM36: 52 | LO36: 340 | LP36: 242 | LQ36: 122 | LR36: 71 | LS36: 334 | LT36: 60 | LU36: 12.2 | LV36: 139 | LW36: 118 | LX36: 51 | LY36: 48 | LZ36: 10 | MA36: 63 | MB36: 11.5 | MC36: 137 | MD36: 124 | ME36: 53 | MF36: 48 | MG36: 8 | MH36: TS | MI36: TS | MJ36: TS | MK36: TS | ML36: 40 | MM36: 38 | MN36: 5 | MT36: 10.7 | MU36: 3 | MV36: 188 | MW36: 36 | MX36: 35 | MY36: DEFECTIVE | MZ36: 5 | NB36: 18.5 | NC36: 5.8 | ND36: 329 | NE36: 36 | NF36: 48 | NG36: 47 | NH36: 6 | NJ36: TS | NK36: TS | NL36: TS | NM36: TS | NN36: 48 | NO36: 46 | NP36: 4
A37: 24OO | C37: 50.42 | D37: 341 | E37: 136 | F37: 86 | G37: 18.8 | I37: 6 | J37: 52 | K37: 50 | L37: 140 | M37: 75 | N37: 18.7 | P37: 6 | Q37: 56 | R37: 50 | S37: 346.4 | T37: 242.2 | U37: 142.3 | W37: 380.1 | X37: 211.5 | Y37: 124.4 | AA37: 347.1 | AB37: 296.4 | AC37: 197.2 | AE37: 346.3 | AF37: 331.5 | AG37: 179.4 | AI37: 352.7 | AJ37: 305.7 | AK37: 195.2 | AM37: 344.5 | AN37: 328.9 | AO37: 189.7 | AQ37: =E37 -> 136 | AR37: =F37 -> 86 | AS37: =G37 -> 18.8 | AU37: =L37 -> 140 | AV37: =M37 -> 75 | AW37: =N37 -> 18.7 | AY37: =E37 -> 136 | BE37: 0 | BF37: 0 | BG37: 0 | BI37: 22 | BJ37: 85 | BK37: 59 | BM37: 344 | BN37: 146 | BO37: 226 | BP37: 11.3 | BR37: 6 | BS37: 63 | BT37: 61 | BU37: 344 | BV37: 351 | BW37: 203 | BX37: 21 | BY37: 337 | BZ37: 368 | CA37: 205 | CB37: 19 | CC37: 343 | CD37: 256 | CE37: 146 | CF37: 2 | CG37: 337 | CH37: 260 | CI37: 145 | CJ37: 4 | CK37: 351 | CL37: 164 | CM37: 109 | CN37: 2 | CO37: 334 | CP37: 339 | CQ37: 167 | CR37: 4 | CS37: 337 | CT37: 331 | CU37: 196 | CV37: 111 | CW37: 339 | CX37: 164 | CY37: 65 | CZ37: 51 | DA37: 326 | DB37: 172 | DC37: 69 | DD37: 63 | DE37: =BN37 -> 146 | DF37: 35 | DG37: =BO37 -> 226 | DH37: =BP37 -> 11.3 | DJ37: 7 | DK37: 58 | DL37: 52 | DN37: 342 | DO37: 141 | DP37: 36.03 | DQ37: 20.61 | DR37: 4.72 | DS37: 8 | DT37: 41 | DU37: 46.5 | EE37: 343 | EF37: 138 | EG37: 54 | EH37: 2.3 | EJ37: 9 | EK37: 48 | EL37: 51 | EN37: 124 | EO37: 5.4 | EQ37: 9 | ER37: 49 | ES37: 51 | ET37: 343 | EU37: 240 | EV37: 138.6 | EW37: -20.1 | EX37: 342 | EY37: 0 | EZ37: 0 | FA37: 0 | FB37: 340 | FC37: 239 | FD37: 138 | FE37: -16.1 | FF37: 340 | FG37: 0 | FH37: 0 | FI37: 0 | FJ37: 340 | FK37: 225 | FL37: 130 | FN37: 343 | FO37: 205 | FP37: 131.3 | FQ37: -8.7 | FR37: 138 | FS37: 89 | FT37: 12.5 | FV37: 138 | GA37: 344 | GB37: 315.94 | GC37: 198.76 | GD37: 0 | GE37: 344 | GF37: 355.55 | GG37: 196.58 | GH37: 5.61 | GI37: 344 | GJ37: 222.62 | GK37: -130.82 | GL37: 0 | GM37: 344 | GN37: 205.28 | GO37: -130.42 | GP37: -6.95 | GQ37: 344 | GR37: 103.6 | GS37: -66.75 | GT37: 0 | GU37: 344 | GV37: 111.81 | GW37: -65 | GX37: -3.02 | GZ37: 134KV | HA37: 34KV | HB37: 163 | HC37: 8.15 | HD37: 3.26 | HE37: 8 | HF37: 55 | HG37: 52 | HH37: 134KV | HI37: 34KV | HJ37: 196 | HK37: 9.8 | HL37: 3.92 | HM37: 5 | HN37: 55 | HO37: 55 | HP37: 134KV | HQ37: 34KV | HR37: 168 | HS37: 8.4 | HT37: 4.2 | HU37: 7 | HV37: 56 | HW37: 56 | HY37: 135 | HZ37: 33 | IA37: 150 | IB37: 7.5 | ID37: 2 | IE37: 70 | IF37: 50 | IH37: 140 | II37: 32.9 | IJ37: 189 | IK37: 9.5 | IL37: 10.5 | IM37: 4 | IN37: 43 | IO37: 41 | IP37: 140 | IQ37: 34.9 | IR37: 4 | IS37: 0.1 | IT37: 0.2 | IU37: 12 | IV37: 46 | IW37: 45 | IY37: 140.42 | IZ37: 35.18 | JA37: 422.6 | JB37: 21.13 | JC37: 6.16 | JD37: 3 | JE37: 48.95 | JF37: 46.47 | JG37: ON | JH37: ON | JI37: ON | JJ37: ON | JK37: ON | JL37: ON | JM37: ON | JN37: ON | JP37: 139 | JQ37: 33 | JR37: 0 | JS37: 0 | JT37: 0 | JU37: 2 | JV37: 40 | JW37: 40 | JX37: 139 | JY37: 34.8 | JZ37: 94 | KA37: 4.8 | KB37: 1.9 | KC37: 2 | KD37: 44 | KE37: 44 | KG37: O/S | KH37: O/S | KI37: O/S | KJ37: O/S | KL37: 1 | KM37: O/S | KN37: O/S | KO37: 138 | KP37: 34 | KQ37: 4 | KR37: 0.2 | KT37: 1 | KU37: 50 | KV37: 48 | KX37: 128 | KY37: 32 | KZ37: 259 | LA37: 12.7 | LB37: 3.8 | LC37: 3 | LD37: 51 | LE37: 52 | LF37: 128 | LG37: 32 | LH37: 277 | LI37: 13.6 | LJ37: 5 | LK37: 5 | LL37: 50 | LM37: 52 | LO37: 340 | LP37: 269 | LQ37: 122 | LR37: 70 | LS37: 335 | LT37: 57 | LU37: 14.2 | LV37: 138 | LW37: 128 | LX37: 51 | LY37: 47 | LZ37: 10 | MA37: 65 | MB37: 12 | MC37: 137 | MD37: 141 | ME37: 53 | MF37: 48 | MG37: 8 | MH37: TS | MI37: TS | MJ37: TS | MK37: TS | ML37: 40 | MM37: 38 | MN37: 5 | MT37: 10 | MU37: 3 | MV37: 172 | MW37: 36 | MX37: 35 | MY37: DEFECTIVE | MZ37: 5 | NB37: 21.6 | NC37: 6.8 | ND37: 387 | NE37: 36 | NF37: 47 | NG37: 46 | NH37: 6 | NJ37: TS | NK37: TS | NL37: TS | NM37: TS | NN37: 48 | NO37: 46 | NP37: 4
JN38: ON
B39: MIN | C39: =MIN(C14:C37) -> 49.97 | D39: =MIN(D14:D37) -> 338 | E39: =MIN(E14:E37) -> 133 | F39: =MIN(F14:F37) -> 31 | G39: =MIN(G14:G37) -> 6.8 | H39: =MIN(H14:H37) -> 0 | I39: =MIN(I14:I37) -> 6 | J39: =MIN(J14:J37) -> 46 | ... T39: =MIN(T14:T37) -> 154.3 | V39: =MIN(V14:V37) -> 0 | W39: =MIN(W14:W37) -> 300.6 | X39: =MIN(X14:X37) -> 106.7 | Z39: =MIN(Z14:Z37) -> 0 | AA39: =MIN(AA14:AA37) -> 340.6 | AB39: =MIN(AB14:AB37) -> 275.4 | AD39: =MIN(AD14:AD37) -> 0 | AE39: =MIN(AE14:AE37) -> 339 | AF39: =MIN(AF14:AF37) -> 309.6 | AH39: =MIN(AH14:AH37) -> 0 | AI39: =MIN(AI14:AI37) -> 344.1 | AJ39: =MIN(AJ14:AJ37) -> 305.2 | AL39: =MIN(AL14:AL37) -> 0 | AM39: =MIN(AM14:AM37) -> 336.6 | AN39: =MIN(AN14:AN37) -> 327 | AP39: =MIN(AP14:AP37) -> 0 | AQ39: =MIN(AQ14:AQ37) -> 133 | AR39: =MIN(AR14:AR37) -> 31 | AT39: =MIN(AT14:AT37) -> 0 | AU39: =MIN(AU14:AU37) -> 138 | AV39: =MIN(AV14:AV37) -> 40 | AX39: =MIN(AX14:AX37) -> 0 | AY39: =MIN(AY14:AY37) -> 133 | BC39: =MIN(BC14:BC37) -> 0 | BJ39: =MIN(BJ14:BJ37) -> 81 | BK39: =MIN(BK14:BK37) -> 54 | BL39: =MIN(BL14:BL37) -> 0 | BM39: =MIN(BM14:BM37) -> 344 | BN39: =MIN(BN14:BN37) -> 145 | BO39: =MIN(BO14:BO37) -> 56 | BP39: =MIN(BP14:BP37) -> 2.8 | BQ39: =MIN(BQ14:BQ37) -> 0 | ... BV39: =MIN(BV14:BV37) -> 281 | BX39: =MIN(BX14:BX37) -> 15 | BY39: =MIN(BY14:BY37) -> 336 | BZ39: =MIN(BZ14:BZ37) -> 300 | CB39: =MIN(CB14:CB37) -> 11 | CC39: =MIN(CC14:CC37) -> 342 | CD39: =MIN(CD14:CD37) -> 252 | CF39: =MIN(CF14:CF37) -> 2 | CG39: =MIN(CG14:CG37) -> 337 | CH39: =MIN(CH14:CH37) -> 256 | CJ39: =MIN(CJ14:CJ37) -> 4 | CK39: =MIN(CK14:CK37) -> 350 | CL39: =MIN(CL14:CL37) -> 101 | CN39: =MIN(CN14:CN37) -> 1 | CO39: =MIN(CO14:CO37) -> 334 | CP39: =MIN(CP14:CP37) -> 199 | CR39: =MIN(CR14:CR37) -> 2 | CS39: =MIN(CS14:CS37) -> 337 | CT39: =MIN(CT14:CT37) -> 213 | CV39: =MIN(CV14:CV37) -> 55 | CW39: =MIN(CW14:CW37) -> 338 | CX39: =MIN(CX14:CX37) -> 164 | CZ39: =MIN(CZ14:CZ37) -> 48 | DA39: =MIN(DA14:DA37) -> 324 | DB39: =MIN(DB14:DB37) -> 172 | DD39: =MIN(DD14:DD37) -> 41 | DE39: =MIN(DE14:DE37) -> 145 | DG39: =MIN(DG14:DG37) -> 56 | DH39: =MIN(DH14:DH37) -> 2.8 | DJ39: =MIN(DJ14:DJ37) -> 7 | DK39: =MIN(DK14:DK37) -> 55 | DL39: =MIN(DL14:DL37) -> 50 | DM39: =MIN(DM14:DM37) -> 5 | DN39: =MIN(DN14:DN37) -> 342 | DO39: =MIN(DO14:DO37) -> 141 | DP39: =MIN(DP14:DP37) -> 27.22 | DQ39: =MIN(DQ14:DQ37) -> 15.45 | ... DW39: =MIN(DW14:DW37) -> 0 | DY39: =MIN(DY14:DY37) -> 0 | DZ39: =MIN(DZ14:DZ37) -> 0 | EA39: =MIN(EA14:EA37) -> 0 | EC39: =MIN(EC14:EC37) -> 0 | ED39: =MIN(ED14:ED37) -> 0 | EE39: =MIN(EE14:EE37) -> 341 | EF39: =MIN(EF14:EF37) -> 137 | EG39: =MIN(EG14:EG37) -> 54 | EH39: =MIN(EH14:EH37) -> 2.3 | EI39: =MIN(EI14:EI37) -> 0 | EJ39: =MIN(EJ14:EJ37) -> 9 | ... EU39: =MIN(EU14:EU37) -> 210 | EW39: =MIN(EW14:EW37) -> -20.1 | EX39: =MIN(EX14:EX37) -> 338 | EY39: =MIN(EY14:EY37) -> 0 | FI39: =MIN(FI14:FI37) -> 0 | FJ39: =MIN(FJ14:FJ37) -> 339 | FK39: =MIN(FK14:FK37) -> 193 | FM39: =MIN(FM14:FM37) -> 0 | FN39: =MIN(FN14:FN37) -> 342 | FW39: =MIN(FW14:FW37) -> 0 | FY39: =MIN(FY14:FY37) -> 0 | FZ39: =MIN(FZ14:FZ37) -> 0 | GA39: =MIN(GA14:GA37) -> 338 | GB39: =MIN(GB14:GB37) -> 298.36 | GD39: =MIN(GD14:GD37) -> 0 | GE39: =MIN(GE14:GE37) -> 338 | GF39: =MIN(GF14:GF37) -> 316.09 | GH39: =MIN(GH14:GH37) -> 5.61 | GI39: =MIN(GI14:GI37) -> 338 | GJ39: =MIN(GJ14:GJ37) -> 192.11 | GL39: =MIN(GL14:GL37) -> -26.13 | GM39: =MIN(GM14:GM37) -> 338 | GN39: =MIN(GN14:GN37) -> 177.17 | GP39: =MIN(GP14:GP37) -> -33 | GQ39: =MIN(GQ14:GQ37) -> 338 | GR39: =MIN(GR14:GR37) -> 103.6 | GT39: =MIN(GT14:GT37) -> -18.18 | GU39: =MIN(GU14:GU37) -> 338 | GV39: =MIN(GV14:GV37) -> 111.81 | GX39: =MIN(GX14:GX37) -> -18.69 | GY39: =MIN(GY14:GY37) -> 0 | GZ39: =MIN(GZ14:GZ37) -> 0 | HA39: =MIN(HA14:HA37) -> 0 | HB39: =MIN(HB14:HB37) -> 81 | HC39: =MIN(HC14:HC37) -> 4.05 | HE39: =MIN(HE14:HE37) -> 8 | HF39: =MIN(HF14:HF37) -> 48 | HG39: =MIN(HG14:HG37) -> 46 | HH39: =MIN(HH14:HH37) -> 0 | HI39: =MIN(HI14:HI37) -> 0 | HJ39: =MIN(HJ14:HJ37) -> 39 | HK39: =MIN(HK14:HK37) -> 1.95 | HM39: =MIN(HM14:HM37) -> 5 | HN39: =MIN(HN14:HN37) -> 55 | HO39: =MIN(HO14:HO37) -> 55 | HP39: =MIN(HP14:HP37) -> 0 | HQ39: =MIN(HQ14:HQ37) -> 0 | HR39: =MIN(HR14:HR37) -> 84 | HS39: =MIN(HS14:HS37) -> 4.2 | HU39: =MIN(HU14:HU37) -> 7 | HV39: =MIN(HV14:HV37) -> 48 | HW39: =MIN(HW14:HW37) -> 48 | HX39: =MIN(HX14:HX37) -> 0 | HY39: =MIN(HY14:HY37) -> 135 | HZ39: =MIN(HZ14:HZ37) -> 33 | IA39: =MIN(IA14:IA37) -> 16 | IB39: =MIN(IB14:IB37) -> 0.8 | ID39: =MIN(ID14:ID37) -> 2 | IE39: =MIN(IE14:IE37) -> 58 | IF39: =MIN(IF14:IF37) -> 48 | IG39: =MIN(IG14:IG37) -> 0 | IH39: =MIN(IH14:IH37) -> 140 | II39: =MIN(II14:II37) -> 32.3 | IJ39: =MIN(IJ14:IJ37) -> 10 | IK39: =MIN(IK14:IK37) -> 0.5 | IM39: =MIN(IM14:IM37) -> 4 | IN39: =MIN(IN14:IN37) -> 42 | IO39: =MIN(IO14:IO37) -> 41 | IP39: =MIN(IP14:IP37) -> 140 | IQ39: =MIN(IQ14:IQ37) -> 33.8 | IR39: =MIN(IR14:IR37) -> 3 | IS39: =MIN(IS14:IS37) -> 0.1 | IU39: =MIN(IU14:IU37) -> 12 | IV39: =MIN(IV14:IV37) -> 46 | IW39: =MIN(IW14:IW37) -> 45 | IX39: =MIN(IX14:IX37) -> 0 | IY39: =MIN(IY14:IY37) -> 140.42 | IZ39: =MIN(IZ14:IZ37) -> 35.09 | JA39: =MIN(JA14:JA37) -> 256.86 | JB39: =MIN(JB14:JB37) -> 12.84 | ... JJ39: =MIN(JJ14:JJ37) -> 0 | JL39: =MIN(JL14:JL37) -> 0 | JM39: =MIN(JM14:JM37) -> 0 | JN39: =MIN(JN14:JN37) -> 0 | JO39: =MIN(JO14:JO37) -> 0 | JP39: =MIN(JP14:JP37) -> 136 | JQ39: =MIN(JQ14:JQ37) -> 32.2 | JR39: =MIN(JR14:JR37) -> 0 | JS39: =MIN(JS14:JS37) -> 0 | JU39: =MIN(JU14:JU37) -> 2 | JV39: =MIN(JV14:JV37) -> 33 | JW39: =MIN(JW14:JW37) -> 33 | JX39: =MIN(JX14:JX37) -> 136 | JY39: =MIN(JY14:JY37) -> 33.8 | JZ39: =MIN(JZ14:JZ37) -> 94 | KA39: =MIN(KA14:KA37) -> 4.8 | KC39: =MIN(KC14:KC37) -> 2 | KD39: =MIN(KD14:KD37) -> 43 | KE39: =MIN(KE14:KE37) -> 42 | KF39: =MIN(KF14:KF37) -> 0 | KG39: =MIN(KG14:KG37) -> 0 | KH39: =MIN(KH14:KH37) -> 0 | KI39: =MIN(KI14:KI37) -> 0 | KJ39: =MIN(KJ14:KJ37) -> 0 | KL39: =MIN(KL14:KL37) -> 1 | KM39: =MIN(KM14:KM37) -> 0 | KN39: =MIN(KN14:KN37) -> 0 | KO39: =MIN(KO14:KO37) -> 135 | KP39: =MIN(KP14:KP37) -> 32 | KQ39: =MIN(KQ14:KQ37) -> 4 | KR39: =MIN(KR14:KR37) -> 0.2 | KT39: =MIN(KT14:KT37) -> 1 | KU39: =MIN(KU14:KU37) -> 40 | KV39: =MIN(KV14:KV37) -> 38 | KW39: =MIN(KW14:KW37) -> 0 | KX39: =MIN(KX14:KX37) -> 128 | KY39: =MIN(KY14:KY37) -> 32 | KZ39: =MIN(KZ14:KZ37) -> 39 | LA39: =MIN(LA14:LA37) -> 1.9 | LC39: =MIN(LC14:LC37) -> 3 | LD39: =MIN(LD14:LD37) -> 46 | LE39: =MIN(LE14:LE37) -> 46 | LF39: =MIN(LF14:LF37) -> 128 | LG39: =MIN(LG14:LG37) -> 32 | LH39: =MIN(LH14:LH37) -> 146 | LI39: =MIN(LI14:LI37) -> 7.2 | LK39: =MIN(LK14:LK37) -> 5 | LL39: =MIN(LL14:LL37) -> 44 | LM39: =MIN(LM14:LM37) -> 45 | LN39: =MIN(LN14:LN37) -> 0 | LO39: =MIN(LO14:LO37) -> 334 | LT39: =MIN(#REF!) -> #REF! | LU39: =MIN(#REF!) -> #REF! | LV39: =MIN(#REF!) -> #REF! | LW39: =MIN(#REF!) -> #REF! | LX39: =MIN(#REF!) -> #REF! | LY39: =MIN(#REF!) -> #REF! | LZ39: =MIN(#REF!) -> #REF! | MA39: =MIN(#REF!) -> #REF! | ... MV39: =MIN(#REF!) -> #REF! | MY39: =MIN(#REF!) -> #REF! | MZ39: =MIN(#REF!) -> #REF! | NA39: =MIN(#REF!) -> #REF! | NB39: =MIN(#REF!) -> #REF! | NC39: =MIN(#REF!) -> #REF! | ND39: =MIN(#REF!) -> #REF! | NG39: =MIN(#REF!) -> #REF! | NH39: =MIN(#REF!) -> #REF! | NI39: =MIN(#REF!) -> #REF! | NJ39: =MIN(#REF!) -> #REF! | NK39: =MIN(#REF!) -> #REF! | NL39: =MIN(#REF!) -> #REF! | NO39: =MIN(#REF!) -> #REF! | NP39: =MIN(#REF!) -> #REF!
B40: MAX | C40: =MAX(C14:C37) -> 50.44 | D40: =MAX(D14:D37) -> 347 | E40: =MAX(E14:E37) -> 137 | F40: =MAX(F14:F37) -> 105 | G40: =MAX(G14:G37) -> 23.5 | H40: =MAX(H14:H37) -> 0 | I40: =MAX(I14:I37) -> 6 | J40: =MAX(J14:J37) -> 53 | ... T40: =MAX(T14:T37) -> 243.8 | V40: =MAX(V14:V37) -> 0 | W40: =MAX(W14:W37) -> 381.9 | X40: =MAX(X14:X37) -> 211.5 | Z40: =MAX(Z14:Z37) -> 0 | AA40: =MAX(AA14:AA37) -> 347.7 | AB40: =MAX(AB14:AB37) -> 384.3 | AD40: =MAX(AD14:AD37) -> 0 | AE40: =MAX(AE14:AE37) -> 347.9 | AF40: =MAX(AF14:AF37) -> 623.7 | AH40: =MAX(AH14:AH37) -> 0 | AI40: =MAX(AI14:AI37) -> 354.3 | AJ40: =MAX(AJ14:AJ37) -> 443.6 | AL40: =MAX(AL14:AL37) -> 0 | AM40: =MAX(AM14:AM37) -> 346.6 | AN40: =MAX(AN14:AN37) -> 473.4 | AP40: =MAX(AP14:AP37) -> 0 | AQ40: =MAX(AQ14:AQ37) -> 137 | AR40: =MAX(AR14:AR37) -> 105 | AT40: =MAX(AT14:AT37) -> 0 | AU40: =MAX(AU14:AU37) -> 141 | AV40: =MAX(AV14:AV37) -> 98 | AX40: =MAX(AX14:AX37) -> 0 | AY40: =MAX(AY14:AY37) -> 137 | BC40: =MAX(BC14:BC37) -> 0 | BJ40: =MAX(BJ14:BJ37) -> 91 | BK40: =MAX(BK14:BK37) -> 66 | BL40: =MAX(BL14:BL37) -> 0 | BM40: =MAX(BM14:BM37) -> 349 | BN40: =MAX(BN14:BN37) -> 150 | BO40: =MAX(BO14:BO37) -> 350 | BP40: =MAX(BP14:BP37) -> 17.5 | BQ40: =MAX(BQ14:BQ37) -> 0 | ... BV40: =MAX(BV14:BV37) -> 357 | BX40: =MAX(BX14:BX37) -> 46 | BY40: =MAX(BY14:BY37) -> 341 | BZ40: =MAX(BZ14:BZ37) -> 373 | CB40: =MAX(CB14:CB37) -> 42 | CC40: =MAX(CC14:CC37) -> 349 | CD40: =MAX(CD14:CD37) -> 288 | CF40: =MAX(CF14:CF37) -> 16 | CG40: =MAX(CG14:CG37) -> 341 | CH40: =MAX(CH14:CH37) -> 295 | CJ40: =MAX(CJ14:CJ37) -> 16 | CK40: =MAX(CK14:CK37) -> 355 | CL40: =MAX(CL14:CL37) -> 165 | CN40: =MAX(CN14:CN37) -> 12 | CO40: =MAX(CO14:CO37) -> 355 | CP40: =MAX(CP14:CP37) -> 340 | CR40: =MAX(CR14:CR37) -> 15 | CS40: =MAX(CS14:CS37) -> 342 | CT40: =MAX(CT14:CT37) -> 331 | CV40: =MAX(CV14:CV37) -> 116 | CW40: =MAX(CW14:CW37) -> 346 | CX40: =MAX(CX14:CX37) -> 287 | CZ40: =MAX(CZ14:CZ37) -> 75 | DA40: =MAX(DA14:DA37) -> 330 | DB40: =MAX(DB14:DB37) -> 294 | DD40: =MAX(DD14:DD37) -> 69 | DE40: =MAX(DE14:DE37) -> 150 | DG40: =MAX(DG14:DG37) -> 350 | DH40: =MAX(DH14:DH37) -> 17.5 | DJ40: =MAX(DJ14:DJ37) -> 7 | DK40: =MAX(DK14:DK37) -> 64 | DL40: =MAX(DL14:DL37) -> 57 | DM40: =MAX(DM14:DM37) -> 5 | DN40: =MAX(DN14:DN37) -> 346 | DO40: =MAX(DO14:DO37) -> 142 | DP40: =MAX(DP14:DP37) -> 45.84 | DQ40: =MAX(DQ14:DQ37) -> 26.33 | ... DW40: =MAX(DW14:DW37) -> 0 | DY40: =MAX(DY14:DY37) -> 0 | DZ40: =MAX(DZ14:DZ37) -> 0 | EA40: =MAX(EA14:EA37) -> 0 | EC40: =MAX(EC14:EC37) -> 0 | ED40: =MAX(ED14:ED37) -> 0 | EE40: =MAX(EE14:EE37) -> 346 | EF40: =MAX(EF14:EF37) -> 139 | EG40: =MAX(EG14:EG37) -> 91 | EH40: =MAX(EH14:EH37) -> 3.9 | EI40: =MAX(EI14:EI37) -> 0 | EJ40: =MAX(EJ14:EJ37) -> 9 | ... EU40: =MAX(EU14:EU37) -> 341 | EW40: =MAX(EW14:EW37) -> 0.4 | EX40: =MAX(EX14:EX37) -> 345 | EY40: =MAX(EY14:EY37) -> 1 | FI40: =MAX(FI14:FI37) -> 0 | FJ40: =MAX(FJ14:FJ37) -> 346 | FK40: =MAX(FK14:FK37) -> 229 | FM40: =MAX(FM14:FM37) -> 0 | FN40: =MAX(FN14:FN37) -> 346 | FW40: =MAX(FW14:FW37) -> 0 | FY40: =MAX(FY14:FY37) -> 0 | FZ40: =MAX(FZ14:FZ37) -> 0 | GA40: =MAX(GA14:GA37) -> 346 | GB40: =MAX(GB14:GB37) -> 3338.8 | GD40: =MAX(GD14:GD37) -> 25.8 | GE40: =MAX(GE14:GE37) -> 346 | GF40: =MAX(GF14:GF37) -> 457.38 | GH40: =MAX(GH14:GH37) -> 30.07 | GI40: =MAX(GI14:GI37) -> 346 | GJ40: =MAX(GJ14:GJ37) -> 234.29 | GL40: =MAX(GL14:GL37) -> 16.33 | GM40: =MAX(GM14:GM37) -> 346 | GN40: =MAX(GN14:GN37) -> 214.39 | GP40: =MAX(GP14:GP37) -> -5.19 | GQ40: =MAX(GQ14:GQ37) -> 346 | GR40: =MAX(GR14:GR37) -> 248.68 | GT40: =MAX(GT14:GT37) -> 7.87 | GU40: =MAX(GU14:GU37) -> 346 | GV40: =MAX(GV14:GV37) -> 249.24 | GX40: =MAX(GX14:GX37) -> 7.62 | GY40: =MAX(GY14:GY37) -> 0 | GZ40: =MAX(GZ14:GZ37) -> 0 | HA40: =MAX(HA14:HA37) -> 0 | HB40: =MAX(HB14:HB37) -> 174 | HC40: =MAX(HC14:HC37) -> 8.7 | HE40: =MAX(HE14:HE37) -> 8 | HF40: =MAX(HF14:HF37) -> 62 | HG40: =MAX(HG14:HG37) -> 59 | HH40: =MAX(HH14:HH37) -> 0 | HI40: =MAX(HI14:HI37) -> 0 | HJ40: =MAX(HJ14:HJ37) -> 307 | HK40: =MAX(HK14:HK37) -> 15.35 | HM40: =MAX(HM14:HM37) -> 5 | HN40: =MAX(HN14:HN37) -> 62 | HO40: =MAX(HO14:HO37) -> 62 | HP40: =MAX(HP14:HP37) -> 0 | HQ40: =MAX(HQ14:HQ37) -> 0 | HR40: =MAX(HR14:HR37) -> 317 | HS40: =MAX(HS14:HS37) -> 15.85 | HU40: =MAX(HU14:HU37) -> 7 | HV40: =MAX(HV14:HV37) -> 60 | HW40: =MAX(HW14:HW37) -> 60 | HX40: =MAX(HX14:HX37) -> 0 | HY40: =MAX(HY14:HY37) -> 136 | HZ40: =MAX(HZ14:HZ37) -> 33 | IA40: =MAX(IA14:IA37) -> 150 | IB40: =MAX(IB14:IB37) -> 7.5 | ID40: =MAX(ID14:ID37) -> 2 | IE40: =MAX(IE14:IE37) -> 72 | IF40: =MAX(IF14:IF37) -> 58 | IG40: =MAX(IG14:IG37) -> 0 | IH40: =MAX(IH14:IH37) -> 145 | II40: =MAX(II14:II37) -> 34.2 | IJ40: =MAX(IJ14:IJ37) -> 204 | IK40: =MAX(IK14:IK37) -> 10.2 | IM40: =MAX(IM14:IM37) -> 4 | IN40: =MAX(IN14:IN37) -> 47 | IO40: =MAX(IO14:IO37) -> 46 | IP40: =MAX(IP14:IP37) -> 145 | IQ40: =MAX(IQ14:IQ37) -> 35.4 | IR40: =MAX(IR14:IR37) -> 123 | IS40: =MAX(IS14:IS37) -> 6.5 | IU40: =MAX(IU14:IU37) -> 12 | IV40: =MAX(IV14:IV37) -> 52 | IW40: =MAX(IW14:IW37) -> 51 | IX40: =MAX(IX14:IX37) -> 0 | IY40: =MAX(IY14:IY37) -> 142.63 | IZ40: =MAX(IZ14:IZ37) -> 35.69 | JA40: =MAX(JA14:JA37) -> 473.18 | JB40: =MAX(JB14:JB37) -> 23.65 | ... JJ40: =MAX(JJ14:JJ37) -> 0 | JL40: =MAX(JL14:JL37) -> 0 | JM40: =MAX(JM14:JM37) -> 0 | JN40: =MAX(JN14:JN37) -> 0 | JO40: =MAX(JO14:JO37) -> 0 | JP40: =MAX(JP14:JP37) -> 140 | JQ40: =MAX(JQ14:JQ37) -> 33 | JR40: =MAX(JR14:JR37) -> 0 | JS40: =MAX(JS14:JS37) -> 0 | JU40: =MAX(JU14:JU37) -> 2 | JV40: =MAX(JV14:JV37) -> 49 | JW40: =MAX(JW14:JW37) -> 48 | JX40: =MAX(JX14:JX37) -> 140 | JY40: =MAX(JY14:JY37) -> 34.9 | JZ40: =MAX(JZ14:JZ37) -> 176 | KA40: =MAX(KA14:KA37) -> 9.5 | KC40: =MAX(KC14:KC37) -> 2 | KD40: =MAX(KD14:KD37) -> 56 | KE40: =MAX(KE14:KE37) -> 54 | KF40: =MAX(KF14:KF37) -> 0 | KG40: =MAX(KG14:KG37) -> 0 | KH40: =MAX(KH14:KH37) -> 0 | KI40: =MAX(KI14:KI37) -> 0 | KJ40: =MAX(KJ14:KJ37) -> 0 | KL40: =MAX(KL14:KL37) -> 1 | KM40: =MAX(KM14:KM37) -> 0 | KN40: =MAX(KN14:KN37) -> 0 | KO40: =MAX(KO14:KO37) -> 140 | KP40: =MAX(KP14:KP37) -> 34 | KQ40: =MAX(KQ14:KQ37) -> 154 | KR40: =MAX(KR14:KR37) -> 8.6 | KT40: =MAX(KT14:KT37) -> 1 | KU40: =MAX(KU14:KU37) -> 50 | KV40: =MAX(KV14:KV37) -> 48 | KW40: =MAX(KW14:KW37) -> 0 | KX40: =MAX(KX14:KX37) -> 140 | KY40: =MAX(KY14:KY37) -> 34 | KZ40: =MAX(KZ14:KZ37) -> 265 | LA40: =MAX(LA14:LA37) -> 13 | LC40: =MAX(LC14:LC37) -> 3 | LD40: =MAX(LD14:LD37) -> 57 | LE40: =MAX(LE14:LE37) -> 57 | LF40: =MAX(LF14:LF37) -> 140 | LG40: =MAX(LG14:LG37) -> 35 | LH40: =MAX(LH14:LH37) -> 380 | LI40: =MAX(LI14:LI37) -> 18.6 | LK40: =MAX(LK14:LK37) -> 5 | LL40: =MAX(LL14:LL37) -> 52 | LM40: =MAX(LM14:LM37) -> 54 | LN40: =MAX(LN14:LN37) -> 0 | LO40: =MAX(LO14:LO37) -> 350 | LT40: =MAX(#REF!) -> #REF! | LU40: =MAX(#REF!) -> #REF! | LV40: =MAX(#REF!) -> #REF! | LW40: =MAX(#REF!) -> #REF! | LX40: =MAX(#REF!) -> #REF! | LY40: =MAX(#REF!) -> #REF! | LZ40: =MAX(#REF!) -> #REF! | MA40: =MAX(#REF!) -> #REF! | ... MV40: =MAX(#REF!) -> #REF! | MY40: =MAX(#REF!) -> #REF! | MZ40: =MAX(#REF!) -> #REF! | NA40: =MAX(#REF!) -> #REF! | NB40: =MAX(#REF!) -> #REF! | NC40: =MAX(#REF!) -> #REF! | ND40: =MAX(#REF!) -> #REF! | NG40: =MAX(#REF!) -> #REF! | NH40: =MAX(#REF!) -> #REF! | NI40: =MAX(#REF!) -> #REF! | NJ40: =MAX(#REF!) -> #REF! | NK40: =MAX(#REF!) -> #REF! | NL40: =MAX(#REF!) -> #REF! | NO40: =MAX(#REF!) -> #REF! | NP40: =MAX(#REF!) -> #REF!
CU72: 7

Sheet 2
Z2: SHIRORO OPERATIONS REGION HOURLY READINGS
A10: 46113 | D10: SHIRORO 330/132KV TS | BD10: SHIRORO II TS | BM10: JEBBA 330/132KV TS | DE10: JEBBA 132/33KV | DN10: KAINJI/FAKUM 330132KV | EE10: ZUNGERU 330/132KV TS | GA10: MARARABA 330KV S/S | GZ10: MINNA 132KV TS | HY10: TEGINA 132KV | IH10: BIDA 132KV TS | IY10: DOGON GARI 132KV TS | JP10: KONTAGORA 132KV TS | KG10: YAURI 132KV TS | KX10: SOKOTO 132KV TS | LO10: BIRNIN KEBBI 330/132KV TS | MP10: BIRNIN KEBBI 132KV TS
E12: 2SHR TR1 | L12: 2SHR TR2 | S12: 2SHR-KTP 1 | W12: 2SHR-GWA1 | AA12: 2SHR-MND1 | AE12: 2SHR-MND2 | AI12: 2SHR-MRB1 | AM12: 2SHR-MRB2 | AQ12: 3SHR-MNA1 | AU12: 3SHR-MNA2 | AY12: 3SHR-TEG1 | BD12: 3SHRTR1 | BM12: 2JEB TR1 | BU12: 2JEB-JEG 1 | BY12: 2JEB-JEG 2 | CC12: 2JEB-KNJ1 | CG12: 2JEB-KNJ2 | CK12: 2JEB-SGB1 | CO12: 2JEB-SGB2 | CS12: 2JEB-GAM 1 | CW12: 2JEB-MRB 1 | DA12: 2JEB-MRB 2 | DE12: 3JEBTR2 | DN12: 2FAK TR1 | DV12: 2KNJ-JEB 1 | DZ12: 2KNJ -JEB 2 | EE12: 2ZGU TR 1 | EM12: 2ZGU TR 2 | ET12: CCT 1ZGU1 | EX12: CCT 1ZGU 2 | FB12: CCT 1ZGU 3 | FF12: CCT 1ZGU 4 | FJ12: 2ZGU-MRB1 | FN12: 2ZGU-MRB2 | FR12: 3ZGU-TEG1 | FV12: 3ZGU-TEG | GA12: 2MRB- SHR1 | GE12: 2MRB- SHR2 | GI12: 2MRB-ZGU1 | GM12: 2 MRB-ZGU2 | GQ12: 2MRB-JEB1 | GU12: 2 MRB-JEB2 | GZ12: 3MNA TR1 | HH12: 3MNA TR2 | HP12: 3MNA TR1 | HY12: 3TEG TR1 | IH12: 3BDA TR5 | IP12: 3BDA TR2 | IY12: 3DGR TR1 | JG12: 3DGR TR2 | JP12: 3KNT TR1 | JX12: 3KNT TR2 | KG12: 3YUR TR1 | KO12: 3YAU TR2 | KX12: 3SOK TR1 | LF12: 3SOK TR3 | LP12: 2KNJ-BRK1 | LS12: 2BRK TR1 | MA12: 2BRK TR2 | MH12: 2BRK TR3 | MP12: 3BRK TR4 | NA12: 3BRKTR5 | NI12: 3BRKTR6
A13: TIME (HRS | C13: FREQ. (HZ) | D13: 330KV | E13: 132KV | F13: AMP | G13: MW | H13: MX | I13: TAP | J13: WIND | K13: OIL | L13: 132KV | M13: AMP | N13: MW | O13: MX | P13: TAP | Q13: WIND | R13: OIL | S13: 330KV | T13: AMP | U13: MW | V13: MX | W13: 330KV | X13: AMP | Y13: MW | Z13: MX | AA13: 330KV | AB13: AMP | AC13: MW | AD13: MX | AE13: 330KV | AF13: AMP | AG13: MW | AH13: MX | AI13: 330KV | AJ13: AMP | AK13: MW | AL13: MX | AM13: 330KV | AN13: AMP | AO13: MW | AP13: MX | AQ13: 132KV | AR13: AMP | AS13: MW | AT13: MX | AU13: 132KV | AV13: AMP | AW13: MW | AX13: MX | AY13: 132KV | AZ13: AMP | BA13: MW | BB13: MX | BD13: 132KV | BE13: 33KV | BF13: AMP | BG13: MW | BH13: MX | BI13: TAP | BJ13: WIND | BK13: OIL | BM13: 330KV | BN13: 132KV | BO13: AMP | BP13: MW | BQ13: MX | BR13: TAP | BS13: WIND | BT13: OIL | BU13: 330KV | BV13: AMP | BW13: MW | BX13: MX | BY13: 330KV | BZ13: AMP | CA13: MW | CB13: MX | CC13: 330KV | CD13: AMP | CE13: MW | CF13: MX | CG13: 330KV | CH13: AMP | CI13: MW | CJ13: MX | CK13: 330KV | CL13: AMP | CM13: MW | CN13: MX | CO13: 330KV | CP13: AMP | CQ13: MW | CR13: MX | CS13: 330KV | CT13: AMP | CU13: MW | CV13: MX | CW13: 330KV | CX13: AMP | CY13: MW | CZ13: MX | DA13: 330KV | DB13: AMP | DC13: MW | DD13: MX | DE13: 132KV | DF13: 33KV | DG13: AMP | DH13: MW | DI13: MX | DJ13: TAP | DK13: WIND | DL13: OIL | DN13: 330KV | DO13: 132KV | DP13: AMP | DQ13: MW | DR13: MX | DS13: TAP | DT13: WIND | DU13: OIL | DV13: 330KV | DW13: AMP | DX13: MW | DY13: MX | DZ13: 330KV | EA13: AMP | EB13: MW | EC13: MX | EE13: 330KV | EF13: 132KV | EG13: AMP | EH13: MW | EI13: MX | EJ13: TAP | EK13: WIND | EL13: OIL | EM13: 132KV | EN13: AMP | EO13: MW | EP13: MX | EQ13: TAP | ER13: WIND | ES13: OIL | ET13: 330KV | EU13: AMP | EV13: MW | EW13: MX | EX13: 330KV | EY13: AMP | EZ13: MW | FA13: MX | FB13: 330KV | FC13: AMP | FD13: MW | FE13: MX | FF13: 330KV | FG13: AMP | FH13: MW | FI13: MX | FJ13: 330KV | FK13: AMP | FL13: MW | FM13: MX | FN13: 330KV | FO13: AMP | FP13: MW | FQ13: MX | FR13: 132KV | FS13: AMP | FT13: MW | FU13: MX | FV13: 132KV | FW13: AMP | FX13: MW | FY13: MX | GA13: 330KV | GB13: AMP | GC13: MW | GD13: MX | GE13: 330KV | GF13: AMP | GG13: MW | GH13: MX | GI13: 330KV | GJ13: AMP | GK13: MW | GL13: MX | GM13: 330KV | GN13: AMP | GO13: MW | GP13: MX | GQ13: 330KV | GR13: AMP | GS13: MW | GT13: MX | GU13: 330KV | GV13: AMP | GW13: MW | GX13: MX | GZ13: 132KV | HA13: 33KV | HB13: AMP | HC13: MW | HD13: MX | HE13: TAP | HF13: WIND | HG13: OIL | HH13: 132KV | HI13: 33KV | HJ13: AMP | HK13: MW | HL13: MX | HM13: TAP | HN13: WIND | HO13: OIL | HP13: 132KV | HQ13: 33KV | HR13: AMP | HS13: MW | HT13: MX | HU13: TAP | HV13: WIND | HW13: OIL | HY13: 132KV | HZ13: 33KV | IA13: AMP | IB13: MW | IC13: MX | ID13: TAP | IE13: WIND | IF13: OIL | IH13: 132KV | II13: 33KV | IJ13: AMP | IK13: MW | IL13: MX | IM13: TAP | IN13: WIND | IO13: OIL | IP13: 132KV | IQ13: 33KV | IR13: AMP | IS13: MW | IT13: MX | IU13: TAP | IV13: WIND | IW13: OIL | IY13: 132KV | IZ13: 33KV | JA13: AMP | JB13: MW | JC13: MX | JD13: TAP | JE13: WIND | JF13: OIL | JG13: 132KV | JH13: 33KV | JI13: AMP | JJ13: MW | JK13: MX | JL13: TAP | JM13: WIND | JN13: OIL | JP13: 132KV | JQ13: 33KV | JR13: AMP | JS13: MW | JT13: MX | JU13: TAP | JV13: WIND | JW13: OIL | JX13: 132KV | JY13: 33KV | JZ13: AMP | KA13: MW | KB13: MX | KC13: TAP | KD13: WIND | KE13: OIL | KG13: 132KV | KH13: 33KV | KI13: AMP | KJ13: MW | KK13: MX | KL13: TAP | KM13: WIND | KN13: OIL | KO13: 132KV | KP13: 33KV | KQ13: AMP | KR13: MW | KS13: MX | KT13: TAP | KU13: WIND | KV13: OIL | KX13: 132KV | KY13: 33KV | KZ13: AMP | LA13: MW | LB13: MX | LC13: TAP | LD13: WIND | LE13: OIL | LF13: 132KV | LG13: 33KV | LH13: AMP | LI13: MW | LJ13: MX | LK13: TAP | LL13: WIND | LM13: OIL | LO13: 330KV | LP13: AMP | LQ13: MW | LR13: MX | LS13: 330KV | LT13: MW | LU13: MX | LV13: KV | LW13: AMP | LX13: WIND | LY13: OIL | LZ13: TAP | MA13: MW | MB13: MX | MC13: KV | MD13: AMP | ME13: WIND | MF13: OIL | MG13: TAP | MH13: MW | MI13: MX | MJ13: KV | MK13: AMP | ML13: WIND | MM13: OIL | MN13: TAP | MT13: MW | MU13: MX | MV13: AMP | MW13: 33KV | MX13: WIND | MY13: OIL | MZ13: TAP | NB13: MW | NC13: MX | ND13: AMP | NE13: 33KV | NF13: WIND | NG13: OIL | NH13: TAP | NJ13: MW | NK13: MX | NL13: AMP | NM13: 33KV | NN13: WIND | NO13: OIL | NP13: TAP
A14: 0.041666667 | C14: 50.23 | D14: 340 | E14: 136 | F14: 43 | G14: 9.3 | I14: 6 | J14: 50 | K14: 49 | L14: 140 | M14: 95 | N14: 23.8 | P14: 6 | Q14: 54 | R14: 48 | S14: 345.1 | T14: 243.9 | U14: 145 | W14: 378.5 | X14: 193 | Y14: 115.7 | AA14: 345 | AB14: 295.2 | AC14: 194.8 | AE14: 344.6 | AF14: 329.6 | AG14: 176.4 | AI14: 350.8 | AJ14: 279.3 | AK14: 187.6 | AM14: 343.2 | AN14: 325 | AO14: 180 | AQ14: =E14 -> 136 | AR14: =F14 -> 43 | AS14: =G14 -> 9.3 | AU14: =L14 -> 140 | AV14: =M14 -> 95 | AW14: =N14 -> 23.8 | AY14: =E14 -> 136 | BE14: 0 | BF14: 0 | BG14: 0 | BI14: 22 | BJ14: 85 | BK14: 59 | BM14: 344 | BN14: 146 | BO14: 228 | BP14: 11.4 | BR14: 6 | BS14: 63 | BT14: 61 | BU14: 344 | BV14: 285 | BW14: 166 | BX14: 15 | BY14: 337 | BZ14: 301 | CA14: 168 | CB14: 14 | CC14: 343 | CD14: 250 | CE14: 142 | CF14: 2 | CG14: 337 | CH14: 258 | CI14: 143 | CJ14: 3 | CK14: 350 | CL14: 146 | CM14: 98 | CN14: 9 | CO14: 334 | CP14: 301 | CQ14: 149 | CR14: 3 | CS14: 338 | CT14: 300 | CU14: 177 | CV14: 101 | CW14: 339 | CX14: 141 | CY14: 54 | CZ14: 45 | DA14: 326 | DB14: 150 | DC14: 57 | DD14: 57 | DE14: 146 | DF14: 35 | DG14: 228 | DH14: 11.4 | DJ14: 7 | DK14: 58 | DL14: 52 | DN14: 342 | DO14: 141 | DP14: 39.69 | DQ14: 21.96 | DR14: 6.46 | DS14: 8 | DT14: 43 | DU14: 45.7 | EE14: 342 | EF14: 138 | EG14: 53 | EH14: 2.2 | EJ14: 9 | EK14: 47 | EL14: 50 | EM14: 138 | EN14: 122 | EO14: 5.3 | EQ14: 9 | ER14: 48 | ES14: 50 | ET14: 342 | EU14: 240 | EV14: 138.4 | EW14: -20.4 | EX14: 341 | EY14: 0 | EZ14: 0 | FA14: 0 | FB14: 340 | FC14: 239 | FD14: 138 | FE14: -16.2 | FF14: 340 | FG14: 0 | FH14: 0 | FI14: 0 | FJ14: 339 | FK14: 222 | FL14: 127.5 | FN14: 342 | FO14: 203 | FP14: 129 | FQ14: -1 | FR14: 138 | FS14: 107 | FT14: 17.61 | FV14: 138 | GA14: 342 | GB14: 301.21 | GC14: 189.66 | GD14: 26.3 | GE14: 342 | GF14: 320.12 | GG14: 188.52 | GH14: 30.24 | GI14: 342 | GJ14: 193.43 | GK14: -111.82 | GL14: -14.91 | GM14: 342 | GN14: 179.07 | GO14: -112.23 | GP14: -21.11 | GQ14: 342 | GR14: 125.24 | GS14: -79.82 | GT14: -10.47 | GU14: 342 | GV14: 132.14 | GW14: -77.31 | GX14: -12.06 | GZ14: 134KV | HA14: 34KV | HB14: 258 | HC14: 12.9 | HD14: 5.16 | HE14: 8 | HF14: 56 | HG14: 52 | HH14: 134KV | HI14: 34KV | HJ14: 40 | HK14: 2 | HL14: 0.8 | HM14: 5 | HN14: 55 | HO14: 55 | HP14: 134KV | HQ14: 34KV | HR14: 151 | HS14: 7.55 | HT14: 3.775 | HU14: 7 | HV14: 55 | HW14: 55 | HY14: 135 | HZ14: 33 | IA14: 154 | IB14: 7.7 | ID14: 2 | IE14: 64 | IF14: 44 | IH14: 139 | II14: 32.5 | IJ14: 180 | IK14: 9 | IL14: 9.9 | IM14: 4 | IN14: 42 | IO14: 40 | IP14: 139 | IQ14: 34.5 | IR14: 3 | IS14: 0.1 | IT14: 0.2 | IU14: 12 | IV14: 44 | IW14: 42 | IY14: 140.2 | IZ14: 35.01 | JA14: 395.48 | JB14: 19.77 | JC14: 7.56 | JD14: 3 | JE14: 62.64 | JF14: 47.32 | JG14: ON | JH14: ON | JI14: ON | JJ14: ON | JK14: ON | JL14: ON | JM14: ON | JN14: ON | JP14: 137 | JQ14: 32.5 | JR14: 0 | JS14: 0 | JT14: 0 | JU14: 2 | JV14: 39 | JW14: 39 | JX14: 137 | JY14: 34.3 | JZ14: 85 | KA14: 4.3 | KB14: 1.7 | KC14: 2 | KD14: 44 | KE14: 44 | KG14: O/S | KH14: O/S | KI14: O/S | KJ14: O/S | KL14: 1 | KM14: 0/S | KN14: 0/S | KO14: 136 | KP14: 33 | KQ14: 104 | KR14: 5.6 | KT14: 1 | KU14: 42 | KV14: 40 | KX14: 124 | KY14: 32 | KZ14: 251 | LA14: 12.3 | LB14: 3.8 | LC14: 3 | LD14: 50 | LE14: 48 | LF14: 124 | LG14: 32 | LH14: 287 | LI14: 14.1 | LJ14: 5 | LK14: 5 | LL14: 50 | LM14: 48 | LO14: 338 | LP14: 267 | LQ14: 125 | LR14: 70 | LS14: 333 | LT14: 64 | LU14: 16.5 | LV14: 137 | LW14: 133 | LX14: 51 | LY14: 47 | LZ14: 10 | MA14: 64 | MB14: 11.8 | MC14: 136 | MD14: 134 | ME14: 53 | MF14: 47 | MG14: 8 | MH14: TS | MI14: TS | MJ14: TS | MK14: TS | ML14: 40 | MM14: 38 | MN14: 5 | MT14: 14.3 | MU14: 5 | MV14: 250 | MW14: 35 | MX14: 34 | MY14: DEFECTIVE | MZ14: 5 | NB14: 22 | NC14: 7.3 | ND14: 405 | NE14: 35 | NF14: 45 | NG14: 44 | NH14: 6 | NJ14: TS | NK14: TS | NL14: TS | NM14: TS | NN14: 48 | NO14: 46 | NP14: 4
A15: 0.083333333 | C15: 50.31 | D15: 341 | E15: 135 | F15: 100 | G15: 21.5 | I15: 6 | J15: 50 | K15: 49 | L15: 140 | M15: 121 | N15: 29.8 | P15: 6 | Q15: 54 | R15: 48 | S15: 345.2 | T15: 220.9 | U15: 128.4 | W15: 378.8 | X15: 174.6 | Y15: 96.8 | AA15: 344.9 | AB15: 302.3 | AC15: 198.8 | AE15: 344.7 | AF15: 336.9 | AG15: 178.9 | AI15: 350.7 | AJ15: 294.5 | AK15: 186.4 | AM15: 343.2 | AN15: 310.2 | AO15: 175.3 | AQ15: =E15 -> 135 | AR15: =F15 -> 100 | AS15: =G15 -> 21.5 | AU15: =L15 -> 140 | AV15: =M15 -> 121 | AW15: =N15 -> 29.8 | AY15: =E15 -> 135 | BE15: 32 | BF15: 254 | BG15: 4.2 | BI15: 22 | BJ15: 85 | BK15: 59 | BM15: 344 | BN15: 146 | BO15: 229 | BP15: 11.5 | BR15: 6 | BS15: 60 | BT15: 58 | BU15: 344 | BV15: 284 | BW15: 167 | BX15: 12 | BY15: 337 | BZ15: 302 | CA15: 168 | CB15: 11 | CC15: 343 | CD15: 254 | CE15: 154 | CF15: 6 | CG15: 336 | CH15: 257 | CI15: 143 | CJ15: 3 | CK15: 350 | CL15: 146 | CM15: 98 | CN15: 7 | CO15: 334 | CP15: 301 | CQ15: 148 | CR15: 3 | CS15: 337 | CT15: 311 | CU15: 179 | CV15: 111 | CW15: 339 | CX15: 144 | CY15: 55 | CZ15: 45 | DA15: 326 | DB15: 151 | DC15: 56 | DD15: 58 | DE15: 146 | DF15: 35 | DG15: 229 | DH15: 11.5 | DJ15: 7 | DK15: 59 | DL15: 53 | DN15: 342 | DO15: 141 | DP15: 38.38 | DQ15: 21.61 | DR15: 6.2 | DS15: 8 | DT15: 42 | DU15: 45.2 | EE15: 342 | EF15: 137 | EG15: 52 | EH15: 2.2 | EJ15: 9 | EK15: 48 | EL15: 50 | EM15: 137 | EN15: 142 | EO15: 6.1 | EQ15: 9 | ER15: 48 | ES15: 50 | ET15: 342 | EU15: 240 | EV15: 138.2 | EW15: -20.1 | EX15: 341 | EY15: 0 | EZ15: 0 | FA15: 0 | FB15: 340 | FC15: 239 | FD15: 137.9 | FE15: -15.1 | FF15: 340 | FG15: 0 | FH15: 0 | FI15: 0 | FJ15: 339 | FK15: 222 | FL15: 127.9 | FN15: 342 | FO15: 203 | FP15: 129 | FQ15: -9.2 | FR15: 137 | FS15: 104 | FT15: 17.11 | FV15: 137 | GA15: 341 | GB15: 380.86 | GC15: 208.89 | GD15: 32.33 | GE15: 341 | GF15: 347.74 | GG15: 207.05 | GH15: 35.93 | GI15: 341 | GJ15: 195.92 | GK15: -113.41 | GL15: -20.19 | GM15: 340 | GN15: 193.87 | GO15: -112.65 | GP15: -26.38 | GQ15: 340 | GR15: 196.66 | GS15: -113.32 | GT15: -20.86 | GU15: 340 | GV15: 159.44 | GW15: -94.14 | GX15: -12.9 | GZ15: 134KV | HA15: 34KV | HB15: 245 | HC15: 12.25 | HD15: 4.9 | HE15: 8 | HF15: 56 | HG15: 52 | HH15: 134KV | HI15: 34KV | HJ15: 90 | HK15: 4.5 | HL15: 1.8 | HM15: 5 | HN15: 55 | HO15: 55 | HP15: 134KV | HQ15: 34KV | HR15: 326 | HS15: 16.3 | HT15: 8.15 | HU15: 7 | HV15: 55 | HW15: 55 | HY15: 135 | HZ15: 33 | IA15: 148 | IB15: 7.4 | ID15: 2 | IE15: 64 | IF15: 44 | IH15: 139 | II15: 32.3 | IJ15: 218 | IK15: 11 | IL15: 12 | IM15: 4 | IN15: 42 | IO15: 40 | IP15: 139 | IQ15: 34.5 | IR15: 3 | IS15: 0.1 | IT15: 0.2 | IU15: 12 | IV15: 44 | IW15: 42 | IY15: 140.14 | IZ15: 35.02 | JA15: 394.68 | JB15: 19.73 | JC15: 7.44 | JD15: 3 | JE15: 62.64 | JF15: 48.24 | JG15: ON | JH15: ON | JI15: ON | JJ15: ON | JK15: ON | JL15: ON | JM15: ON | JN15: ON | JP15: 137 | JQ15: 32.5 | JR15: 0 | JS15: 0 | JT15: 0 | JU15: 2 | JV15: 39 | JW15: 39 | JX15: 137 | JY15: 34.2 | JZ15: 94 | KA15: 5.1 | KB15: 2 | KC15: 2 | KD15: 44 | KE15: 43 | KG15: O/S | KH15: O/S | KI15: O/S | KJ15: O/S | KL15: 1 | KM15: 0/S | KN15: 0/S | KO15: 137 | KP15: 33 | KQ15: 104 | KR15: 5.6 | KT15: 1 | KU15: 42 | KV15: 40 | KX15: 126 | KY15: 31 | KZ15: 240 | LA15: 11.8 | LB15: 3.8 | LC15: 3 | LD15: 50 | LE15: 48 | LF15: 126 | LG15: 32 | LH15: 277 | LI15: 13.6 | LJ15: 5 | LK15: 5 | LL15: 50 | LM15: 48 | LO15: 338 | LP15: 258 | LQ15: 129 | LR15: 70 | LS15: 333 | LT15: 63 | LU15: 15 | LV15: 138 | LW15: 126 | LX15: 50 | LY15: 47 | LZ15: 10 | MA15: 66 | MB15: 9.1 | MC15: 136 | MD15: 132 | ME15: 52 | MF15: 47 | MG15: 8 | MH15: TS | MI15: TS | MJ15: TS | MK15: TS | ML15: 40 | MM15: 38 | MN15: 5 | MT15: 13.4 | MU15: 4.5 | MV15: 235 | MW15: 35 | MX15: 34 | MY15: DEFECTIVE | MZ15: 5 | NB15: 20 | NC15: 6.8 | ND15: 374 | NE15: 35 | NF15: 44 | NG15: 43 | NH15: 6 | NJ15: TS | NK15: TS | NL15: TS | NM15: TS | NN15: 48 | NO15: 46 | NP15: 4
A16: 0.125 | C16: 50.14 | D16: 340 | E16: 135 | F16: 114 | G16: 24.6 | I16: 6 | J16: 50 | K16: 49 | L16: 139 | M16: 114 | N16: 27.1 | P16: 6 | Q16: 54 | R16: 48 | S16: 343.6 | T16: 209.1 | U16: 122.4 | W16: 376.6 | X16: 165.5 | Y16: 91.5 | AA16: 343.3 | AB16: 326.6 | AC16: 211.2 | AE16: 343.1 | AF16: 363.4 | AG16: 190.8 | AI16: 349.1 | AJ16: 302.1 | AK16: 189.6 | AM16: 341.8 | AN16: 324.1 | AO16: 180.9 | AQ16: =E16 -> 135 | AR16: =F16 -> 114 | AS16: =G16 -> 24.6 | AU16: =L16 -> 139 | AV16: =M16 -> 114 | AW16: =N16 -> 27.1 | AY16: =E16 -> 135 | BE16: 32 | BF16: 248 | BG16: 4.1 | BI16: 22 | BJ16: 85 | BK16: 59 | BM16: 344 | BN16: 146 | BO16: 222 | BP16: 11.1 | BR16: 6 | BS16: 60 | BT16: 58 | BU16: 344 | BV16: 279 | BW16: 167 | BX16: 10 | BY16: 337 | BZ16: 302 | CA16: 168 | CB16: 9 | CC16: 343 | CD16: 260 | CE16: 148 | CF16: 4 | CG16: 336 | CH16: 266 | CI16: 148 | CJ16: 5 | CK16: 350 | CL16: 150 | CM16: 100 | CN16: 3 | CO16: 333 | CP16: 305 | CQ16: 150 | CR16: 6 | CS16: 337 | CT16: 309 | CU16: 178 | CV16: 109 | CW16: 341 | CX16: 141 | CY16: 56 | CZ16: 44 | DA16: 326 | DB16: 148 | DC16: 59 | DD16: 54 | DE16: 146 | DF16: 35 | DG16: 222 | DH16: 11.1 | DJ16: 7 | DK16: 58 | DL16: 52 | DN16: 342 | DO16: 141 | DP16: 36.61 | DQ16: 20.68 | DR16: 5.54 | DS16: 8 | DT16: 38 | DU16: 44.2 | EE16: 341 | EF16: 137 | EG16: 52 | EH16: 2.2 | EJ16: 9 | EK16: 46 | EL16: 49 | EM16: 137 | EN16: 122 | EO16: 5.3 | EQ16: 9 | ER16: 47 | ES16: 50 | ET16: 341 | EU16: 223 | EV16: 241 | EW16: -19.7 | EX16: 340 | EY16: 0 | EZ16: 0 | FA16: 0 | FB16: 338 | FC16: 240 | FD16: 138 | FE16: -15.5 | FF16: 339 | FG16: 0 | FH16: 0 | FI16: 0 | FJ16: 338 | FK16: 223 | FL16: 127.7 | FN16: 341 | FO16: 203 | FP16: 129.1 | FQ16: -9.3 | FR16: 137 | FS16: 85 | FT16: 17.31 | FV16: 137 | GA16: 340 | GB16: 366.5 | GC16: 211.15 | GD16: 34.42 | GE16: 340 | GF16: 373.24 | GG16: 207.89 | GH16: 38.78 | GI16: 340 | GJ16: 195.6 | GK16: -113.49 | GL16: -20.19 | GM16: 340 | GN16: 215.85 | GO16: -112.9 | GP16: -26.38 | GQ16: 340 | GR16: 161.93 | GS16: -96.49 | GT16: -10.55 | GU16: 340 | GV16: 169.4 | GW16: -96.91 | GX16: -12.9 | GZ16: 134KV | HA16: 34KV | HB16: 232 | HC16: 11.6 | HD16: 4.64 | HE16: 8 | HF16: 56 | HG16: 52 | HH16: 134KV | HI16: 34KV | HJ16: 157 | HK16: 7.85 | HL16: 3.14 | HM16: 5 | HN16: 55 | HO16: 55 | HP16: 134KV | HQ16: 34KV | HR16: 321 | HS16: 16.05 | HT16: 8.025 | HU16: 7 | HV16: 56 | HW16: 56 | HY16: 135 | HZ16: 33 | IA16: 144 | IB16: 7.2 | ID16: 2 | IE16: 64 | IF16: 44 | IH16: 140 | II16: 32.9 | IJ16: 78 | IK16: 4.1 | IL16: 4.3 | IM16: 4 | IN16: 43 | IO16: 41 | IP16: 140 | IQ16: 34 | IR16: 107 | IS16: 5.6 | IT16: 6.2 | IU16: 12 | IV16: 45 | IW16: 44 | IY16: 140.23 | IZ16: 35.09 | JA16: 372.48 | JB16: 18.62 | JC16: 6.64 | JD16: 3 | JE16: 60.71 | JF16: 48.24 | JG16: ON | JH16: ON | JI16: ON | JJ16: ON | JK16: ON | JL16: ON | JM16: ON | JN16: ON | JP16: 137 | JQ16: 32.5 | JR16: 0 | JS16: 0 | JT16: 0 | JU16: 2 | JV16: 38 | JW16: 38 | JX16: 137 | JY16: 34.1 | JZ16: 105 | KA16: 5.7 | KB16: 2.3 | KC16: 2 | KD16: 43 | KE16: 43 | KG16: O/S | KH16: O/S | KI16: O/S | KJ16: O/S | KL16: 1 | KM16: 0/S | KN16: 0/S | KO16: 137 | KP16: 33 | KQ16: 98 | KR16: 5.2 | KT16: 1 | KU16: 42 | KV16: 40 | KX16: 127 | KY16: 31 | KZ16: 228 | LA16: 11.2 | LB16: 2.5 | LC16: 3 | LD16: 50 | LE16: 48 | LF16: 127 | LG16: 32 | LH16: 267 | LI16: 13.1 | LJ16: 5 | LK16: 5 | LL16: 50 | LM16: 48 | LO16: 338 | LP16: 260 | LQ16: 128 | LR16: 70 | LS16: 332 | LT16: 63 | LU16: 14.1 | LV16: 138 | LW16: 122 | LX16: 50 | LY16: 47 | LZ16: 10 | MA16: 65 | MB16: 9.1 | MC16: 136 | MD16: 129 | ME16: 52 | MF16: 47 | MG16: 8 | MH16: TS | MI16: TS | MJ16: TS | MK16: TS | ML16: 40 | MM16: 38 | MN16: 5 | MT16: 13 | MU16: 4.2 | MV16: 228 | MW16: 35 | MX16: 34 | MY16: DEFECTIVE | MZ16: 5 | NB16: 19.6 | NC16: 6.7 | ND16: 358 | NE16: 34 | NF16: 43 | NG16: 43 | NH16: 6 | NJ16: TS | NK16: TS | NL16: TS | NM16: TS | NN16: 48 | NO16: 46 | NP16: 4
A17: 0.16666667 | C17: 50.23 | D17: 340 | E17: 135 | F17: 123 | G17: 26.3 | I17: 6 | J17: 50 | K17: 49 | L17: 140 | M17: 105 | N17: 26.6 | P17: 6 | Q17: 54 | R17: 48 | S17: 344.5 | T17: 219.2 | U17: 129 | W17: 378 | X17: 178.1 | Y17: 95.6 | AA17: 344.3 | AB17: 317.3 | AC17: 206.3 | AE17: 344.2 | AF17: 356.1 | AG17: 187.1 | AI17: 350.2 | AJ17: 308.7 | AK17: 193.1 | AM17: 342.7 | AN17: 328.1 | AO17: 123.4 | AQ17: =E17 -> 135 | AR17: =F17 -> 123 | AS17: =G17 -> 26.3 | AU17: =L17 -> 140 | AV17: =M17 -> 105 | AW17: =N17 -> 26.6 | AY17: =E17 -> 135 | BE17: 32 | BF17: 241 | BG17: 4 | BI17: 22 | BJ17: 85 | BK17: 59 | BM17: 344 | BN17: 146 | BO17: 244 | BP17: 12.2 | BR17: 6 | BS17: 59 | BT17: 57 | BU17: 344 | BV17: 286 | BW17: 166 | BX17: 13 | BY17: 337 | BZ17: 302 | CA17: 168 | CB17: 12 | CC17: 345 | CD17: 266 | CE17: 152 | CF17: 4 | CG17: 337 | CH17: 170 | CI17: 151 | CJ17: 5 | CK17: 350 | CL17: 148 | CM17: 99 | CN17: 2 | CO17: 334 | CP17: 307 | CQ17: 151 | CR17: 6 | CS17: 337 | CT17: 308 | CU17: 179 | CV17: 109 | CW17: 341 | CX17: 147 | CY17: 57 | CZ17: 47 | DA17: 326 | DB17: 154 | DC17: 58 | DD17: 58 | DE17: 146 | DF17: 35 | DG17: 224 | DH17: 12.2 | DJ17: 7 | DK17: 58 | DL17: 53 | DN17: 342 | DO17: 141 | DP17: 36.2 | DQ17: 20.4 | DR17: 5.52 | DS17: 8 | DT17: 35 | DU17: 40.3 | EE17: 343 | EF17: 137 | EG17: 53 | EH17: 2.2 | EJ17: 9 | EK17: 45 | EL17: 48 | EM17: 137 | EN17: 122 | EO17: 5.3 | EQ17: 9 | ER17: 46 | ES17: 50 | ET17: 343 | EU17: 237 | EV17: 138.1 | EW17: -10.2 | EX17: 342 | EY17: 0 | EZ17: 0 | FA17: 0 | FB17: 340 | FC17: 237 | FD17: 137.9 | FE17: -5.1 | FF17: 341 | FG17: 0 | FH17: 0 | FI17: 0 | FJ17: 340 | FK17: 221 | FL17: 128.1 | FN17: 343 | FO17: 202 | FP17: 128.7 | FQ17: 1.7 | FR17: 137 | FS17: 85 | FT17: 17.81 | FV17: 137 | GA17: 341 | GB17: 381.3 | GC17: 209.64 | GD17: 32.5 | GE17: 341 | GF17: 350.64 | GG17: 207.55 | GH17: 36.52 | GI17: 341 | GJ17: 196.22 | GK17: -113.41 | GL17: -20.94 | GM17: 341 | GN17: 194.75 | GO17: -112.57 | GP17: -27.3 | GQ17: 341 | GR17: 182.15 | GS17: -96.57 | GT17: -9.21 | GU17: 341 | GV17: 161.93 | GW17: 95.99 | GX17: -11.64 | GZ17: 134KV | HA17: 34KV | HB17: 249 | HC17: 12.45 | HD17: 4.98 | HE17: 8 | HF17: 58 | HG17: 55 | HH17: 134KV | HI17: 34KV | HJ17: 284 | HK17: 14.2 | HL17: 0 | HM17: 5 | HN17: 57 | HO17: 56 | HP17: 134KV | HQ17: 34KV | HR17: 283 | HS17: 14.15 | HT17: 7.075 | HU17: 7 | HV17: 56 | HW17: 56 | HY17: 135 | HZ17: 33 | IA17: 132 | IB17: 6.6 | ID17: 2 | IE17: 62 | IF17: 42 | IH17: 140 | II17: 32.9 | IJ17: 78 | IK17: 4.1 | IL17: 4.3 | IM17: 4 | IN17: 43 | IO17: 41 | IP17: 140 | IQ17: 34 | IR17: 107 | IS17: 5.6 | IT17: 6.2 | IU17: 12 | IV17: 45 | IW17: 44 | IY17: 140.4 | IZ17: 35.14 | JA17: 367.98 | JB17: 18.39 | JC17: 6.61 | JD17: 3 | JE17: 59.78 | JF17: 44.22 | JG17: ON | JH17: ON | JI17: ON | JJ17: ON | JK17: ON | JL17: ON | JM17: ON | JN17: ON | JP17: 137 | JQ17: 32.5 | JR17: 0 | JS17: 0 | JT17: 0 | JU17: 2 | JV17: 37 | JW17: 37 | JX17: 137 | JY17: 34.1 | JZ17: 105 | KA17: 5.7 | KB17: 2.3 | KC17: 2 | KD17: 43 | KE17: 41 | KG17: O/S | KH17: O/S | KI17: O/S | KJ17: O/S | KL17: 1 | KM17: 0/S | KN17: 0/S | KO17: 137 | KP17: 33 | KQ17: 96 | KR17: 5.1 | KT17: 1 | KU17: 42 | KV17: 40 | KX17: 125 | KY17: 32 | KZ17: 155 | LA17: 7.6 | LB17: 2.5 | LC17: 3 | LD17: 49 | LE17: 47 | LF17: 125 | LG17: 32 | LH17: 385 | LI17: 18.8 | LJ17: 5 | LK17: 5 | LL17: 49 | LM17: 47 | LO17: 339 | LP17: 249 | LQ17: 130 | LR17: 71 | LS17: 332 | LT17: 65 | LU17: 11.2 | LV17: 139 | LW17: 122 | LX17: 49 | LY17: 45 | LZ17: 10 | MA17: 65 | MB17: 11 | MC17: 137 | MD17: 127 | ME17: 51 | MF17: 45 | MG17: 8 | MH17: TS | MI17: TS | MJ17: TS | MK17: TS | ML17: 40 | MM17: 38 | MN17: 5 | MT17: 12.5 | MU17: 4 | MV17: 218 | MW17: 35 | MX17: 32 | MY17: DEFECTIVE | MZ17: 5 | NB17: 16 | NC17: 5.3 | ND17: 290 | NE17: 34 | NF17: 42 | NG17: 42 | NH17: 6 | NJ17: TS | NK17: TS | NL17: TS | NM17: TS | NN17: 48 | NO17: 46 | NP17: 4
A18: 0.20833333 | C18: 50.27 | D18: 337 | E18: 135 | F18: 116 | G18: 29.3 | I18: 6 | J18: 50 | K18: 49 | L18: 140 | M18: 118 | N18: 29 | P18: 6 | Q18: 54 | R18: 48 | S18: 344.9 | T18: 204.1 | U18: 117.6 | W18: 378.4 | X18: 162.5 | Y18: 84.8 | AA18: 345.1 | AB18: 337.1 | AC18: 219.4 | AE18: 344.7 | AF18: 377 | AG18: 199.5 | AI18: 350.6 | AJ18: 307.4 | AK18: 192.8 | AM18: 343.2 | AN18: 327.1 | AO18: 103.4 | AQ18: =E18 -> 135 | AR18: =F18 -> 116 | AS18: =G18 -> 29.3 | AU18: =L18 -> 140 | AV18: =M18 -> 118 | AW18: =N18 -> 29 | AY18: =E18 -> 135 | BE18: 32 | BF18: 291 | BG18: 4.9 | BI18: 22 | BJ18: 85 | BK18: 59 | BM18: 345 | BN18: 146 | BO18: 217 | BP18: 10.85 | BR18: 6 | BS18: 59 | BT18: 57 | BU18: 345 | BV18: 281 | BW18: 166 | BX18: 18 | BY18: 337 | BZ18: 297 | CA18: 166 | CB18: 15 | CC18: 343 | CD18: 232 | CE18: 148 | CF18: 4 | CG18: 337 | CH18: 267 | CI18: 143 | CJ18: 4 | CK18: 351 | CL18: 147 | CM18: 98 | CN18: 4 | CO18: 334 | CP18: 303 | CQ18: 149 | CR18: 15 | CS18: 338 | CT18: 301 | CU18: 177 | CV18: 102 | CW18: 339 | CX18: 152 | CY18: 59 | CZ18: 48 | DA18: 327 | DB18: 154 | DC18: 69 | DD18: 60 | DE18: 146 | DF18: 35 | DG18: 217 | DH18: 10.85 | DJ18: 7 | DK18: 58 | DL18: 53 | DN18: 342 | DO18: 141 | DP18: 36.12 | DQ18: 20.47 | DR18: 5.23 | DS18: 8 | DT18: 35 | DU18: 41 | EE18: 343 | EF18: 138 | EG18: 69 | EH18: 3 | EJ18: 9 | EK18: 45 | EL18: 47 | EM18: 138 | EN18: 123 | EO18: 5.3 | EQ18: 9 | ER18: 45 | ES18: 48 | ET18: 343 | EU18: 236 | EV18: 138.3 | EW18: -11.9 | EX18: 343 | EY18: 0 | EZ18: 0 | FA18: 0 | FB18: 341 | FC18: 236 | FD18: 137.9 | FE18: -5.2 | FF18: 342 | FG18: 0 | FH18: 0 | FI18: 0 | FJ18: 341 | FK18: 220 | FL18: 127.8 | FN18: 343 | FO18: 201 | FP18: 128.5 | FQ18: 0.3 | FR18: 138 | FS18: 87 | FT18: 17.4 | FV18: 138 | GA18: 343 | GB18: 311.56 | GC18: 200.23 | GD18: 11.22 | GE18: 343 | GF18: 320.51 | GG18: 199.51 | GH18: 14.32 | GI18: 343 | GJ18: 220.69 | GK18: -128.57 | GL18: -6.45 | GM18: 343 | GN18: 202.96 | GO18: -128.82 | GP18: -13.82 | GQ18: 343 | GR18: 116.35 | GS18: -73.96 | GT18: 0 | GU18: 343 | GV18: 126.9 | GW18: -72.53 | GX18: 0 | GZ18: 134KV | HA18: 34KV | HB18: 118 | HC18: 5.9 | HD18: 2.36 | HE18: 8 | HF18: 58 | HG18: 55 | HH18: 134KV | HI18: 34KV | HJ18: 332 | HK18: 16.6 | HL18: 6.64 | HM18: 5 | HN18: 57 | HO18: 56 | HP18: 134KV | HQ18: 34KV | HR18: 253 | HS18: 12.65 | HT18: 6.325 | HU18: 7 | HV18: 57 | HW18: 57 | HY18: 135 | HZ18: 33 | IA18: 134 | IB18: 6.7 | ID18: 2 | IE18: 62 | IF18: 42 | IH18: 140 | II18: 33.1 | IJ18: 79 | IK18: 4.2 | IL18: 4.2 | IM18: 4 | IN18: 43 | IO18: 41 | IP18: 140 | IQ18: 34.6 | IR18: 114 | IS18: 6 | IT18: 6.6 | IU18: 12 | IV18: 45 | IW18: 44 | IY18: 140.44 | IZ18: 35.17 | JA18: 371.68 | JB18: 18.58 | JC18: 6.44 | JD18: 3 | JE18: 59.78 | JF18: 46.47 | JG18: ON | JH18: ON | JI18: ON | JJ18: ON | JK18: ON | JL18: ON | JM18: ON | JN18: ON | JP18: 138 | JQ18: 32.5 | JR18: 0 | JS18: 0 | JT18: 0 | JU18: 2 | JV18: 37 | JW18: 37 | JX18: 138 | JY18: 34.3 | JZ18: 109 | KA18: 5.8 | KB18: 2.4 | KC18: 2 | KD18: 42 | KE18: 41 | KG18: O/S | KH18: O/S | KI18: O/S | KJ18: O/S | KL18: 1 | KM18: 0/S | KN18: 0/S | KO18: 137 | KP18: 33 | KQ18: 96 | KR18: 5.1 | KT18: 1 | KU18: 42 | KV18: 40 | KX18: 126 | KY18: 32 | KZ18: 155 | LA18: 7.6 | LB18: 2.5 | LC18: 3 | LD18: 49 | LE18: 47 | LF18: 126 | LG18: 32 | LH18: 371 | LI18: 18.2 | LJ18: 5 | LK18: 5 | LL18: 49 | LM18: 47 | LO18: 340 | LP18: 250 | LQ18: 130 | LR18: 71 | LS18: 330 | LT18: 62 | LU18: 13.8 | LV18: 139 | LW18: 117 | LX18: 49 | LY18: 45 | LZ18: 10 | MA18: 68 | MB18: 10.8 | MC18: 137 | MD18: 133 | ME18: 51 | MF18: 45 | MG18: 8 | MH18: TS | MI18: TS | MJ18: TS | MK18: TS | ML18: 40 | MM18: 38 | MN18: 5 | MT18: 13 | MU18: 4 | MV18: 223 | MW18: 36 | MX18: 32 | MY18: DEFECTIVE | MZ18: 5 | NB18: 14 | NC18: 4.5 | ND18: 252 | NE18: 34 | NF18: 42 | NG18: 42 | NH18: 6 | NJ18: TS | NK18: TS | NL18: TS | NM18: TS | NN18: 48 | NO18: 46 | NP18: 4
A19: 0.25 | C19: 50.36 | D19: 339 | E19: 135 | F19: 145 | G19: 31.4 | I19: 6 | J19: 49 | K19: 48 | L19: 140 | M19: 133 | N19: 32.6 | P19: 6 | Q19: 54 | R19: 48 | S19: 344.9 | T19: 181.1 | U19: 97.5 | W19: 378.1 | X19: 148.5 | Y19: 63.1 | AA19: 345.1 | AB19: 341.3 | AC19: 222.6 | AE19: 344.7 | AF19: 381.3 | AG19: 201.6 | AI19: 350.7 | AJ19: 345.2 | AK19: 219.2 | AM19: 343.2 | AN19: 358.2 | AO19: 203.5 | AQ19: =E19 -> 135 | AR19: =F19 -> 145 | AS19: =G19 -> 31.4 | AU19: =L19 -> 140 | AV19: =M19 -> 133 | AW19: =N19 -> 32.6 | AY19: =E19 -> 135 | BE19: 32 | BF19: 148 | BG19: 7.3 | BI19: 22 | BJ19: 85 | BK19: 56 | BM19: 344 | BN19: 146 | BO19: 226 | BP19: 11.3 | BR19: 6 | BS19: 59 | BT19: 57 | BU19: 344 | BV19: 355 | BW19: 205 | BX19: 28 | BY19: 336 | BZ19: 371 | CA19: 206 | CB19: 24 | CC19: 344 | CD19: 254 | CE19: 146 | CF19: 4 | CG19: 337 | CH19: 261 | CI19: 145 | CJ19: 5 | CK19: 350 | CL19: 151 | CM19: 100 | CN19: 4 | CO19: 334 | CP19: 308 | CQ19: 152 | CR19: 5 | CS19: 337 | CT19: 311 | CU19: 183 | CV19: 103 | CW19: 341 | CX19: 193 | CY19: 86 | CZ19: 57 | DA19: 341 | DB19: 199 | DC19: 88 | DD19: 61 | DE19: 146 | DF19: 35 | DG19: 226 | DH19: 11.3 | DJ19: 7 | DK19: 58 | DL19: 54 | DN19: 341 | DO19: 141 | DP19: 34.64 | DQ19: 19.81 | DR19: 3.98 | DS19: 8 | DT19: 39 | DU19: 40.4 | EE19: 342 | EF19: 137 | EG19: 53 | EH19: 2.2 | EJ19: 9 | EK19: 44 | EL19: 48 | EM19: 137 | EN19: 121 | EO19: 5.2 | EQ19: 9 | ER19: 45 | ES19: 48 | ET19: 342 | EU19: 236 | EV19: 138.3 | EW19: -10 | EX19: 342 | EY19: 0 | EZ19: 0 | FA19: 0 | FB19: 341 | FC19: 236 | FD19: 137.7 | FE19: -4.5 | FF19: 341 | FG19: 0 | FH19: 0 | FI19: 0 | FJ19: 340 | FK19: 221 | FL19: 128.7 | FN19: 342 | FO19: 202 | FP19: 128.7 | FQ19: 2.3 | FR19: 137 | FS19: 87 | FT19: 17.21 | FV19: 137 | GA19: 343 | GB19: 313.89 | GC19: 196.99 | GD19: 11.14 | GE19: 343 | GF19: 322.21 | GG19: 194.9 | GH19: 13.82 | GI19: 343 | GJ19: 219.96 | GK19: -128.82 | GL19: -7.2 | GM19: 343 | GN19: 202.08 | GO19: -128.82 | GP19: -13.9 | GQ19: 343 | GR19: 105.19 | GS19: -66.42 | GT19: 0 | GU19: 343 | GV19: 113.21 | GW19: -66 | GX19: 0 | GZ19: 134KV | HA19: 34KV | HB19: 129 | HC19: 6.45 | HD19: 2.58 | HE19: 8 | HF19: 59 | HG19: 56 | HH19: 134KV | HI19: 34KV | HJ19: 317 | HK19: 15.85 | HL19: 6.34 | HM19: 5 | HN19: 58 | HO19: 58 | HP19: 134KV | HQ19: 34KV | HR19: 290 | HS19: 14.5 | HT19: 7.25 | HU19: 7 | HV19: 55 | HW19: 55 | HY19: 135 | HZ19: 33 | IA19: 108 | IB19: 5.4 | ID19: 2 | IE19: 62 | IF19: 42 | IH19: 138 | II19: 32 | IJ19: 249 | IK19: 12.6 | IL19: 13.5 | IM19: 4 | IN19: 44 | IO19: 43 | IP19: 138 | IQ19: 33.5 | IR19: 121 | IS19: 6.3 | IT19: 6.9 | IU19: 12 | IV19: 46 | IW19: 45 | IY19: 140.24 | IZ19: 35.1 | JA19: 414 | JB19: 20.7 | JC19: 6.41 | JD19: 3 | JE19: 58.5 | JF19: 44.22 | JG19: ON | JH19: ON | JI19: ON | JJ19: ON | JK19: ON | JL19: ON | JM19: ON | JN19: ON | JP19: 137 | JQ19: 32.5 | JR19: 0 | JS19: 0 | JT19: 0 | JU19: 2 | JV19: 36 | JW19: 36 | JX19: 137 | JY19: 34.2 | JZ19: 114 | KA19: 6.2 | KB19: 2.3 | KC19: 2 | KD19: 42 | KE19: 42 | KG19: O/S | KH19: O/S | KI19: O/S | KJ19: O/S | KL19: 1 | KM19: 0/S | KN19: 0/S | KO19: 138 | KP19: 34 | KQ19: 104 | KR19: 5.6 | KT19: 1 | KU19: 42 | KV19: 40 | KX19: 122 | KY19: 32 | KZ19: 163 | LA19: 8 | LB19: 2.5 | LC19: 3 | LD19: 49 | LE19: 47 | LF19: 122 | LG19: 32 | LH19: 386 | LI19: 18.9 | LJ19: 5 | LK19: 5 | LL19: 49 | LM19: 47 | LO19: 339 | LP19: 255 | LQ19: 129 | LR19: 70 | LS19: 330 | LT19: 63 | LU19: 15.8 | LV19: 138 | LW19: 125 | LX19: 49 | LY19: 45 | LZ19: 10 | MA19: 66 | MB19: 11.5 | MC19: 136 | MD19: 130 | ME19: 51 | MF19: 45 | MG19: 8 | MH19: TS | MI19: TS | MJ19: TS | MK19: TS | ML19: 40 | MM19: 38 | MN19: 5 | MT19: 14.8 | MU19: 5 | MV19: 256 | MW19: 36 | MX19: 32 | MY19: DEFECTIVE | MZ19: 5 | NB19: 14.7 | NC19: 4.4 | ND19: 262 | NE19: 34 | NF19: 42 | NG19: 42 | NH19: 6 | NJ19: TS | NK19: TS | NL19: TS | NM19: TS | NN19: 48 | NO19: 46 | NP19: 4
A20: 0.29166667 | C20: 50.32 | D20: 340 | E20: 135 | F20: 128 | G20: 27.8 | I20: 6 | J20: 48 | K20: 48 | L20: 139 | M20: 182 | N20: 43.1 | P20: 6 | Q20: 56 | R20: 49 | S20: 343.5 | T20: 193.5 | U20: 109.4 | W20: 377.1 | X20: 147.5 | Y20: 63.8 | AA20: 344 | AB20: 341.5 | AC20: 222.5 | AE20: 343.7 | AF20: 380.5 | AG20: 201.1 | AI20: 349.8 | AJ20: 383.1 | AK20: 238.5 | AM20: 341.8 | AN20: 406.7 | AO20: 229.8 | AQ20: =E20 -> 135 | AR20: =F20 -> 128 | AS20: =G20 -> 27.8 | AU20: =L20 -> 139 | AV20: =M20 -> 182 | AW20: =N20 -> 43.1 | AY20: =E20 -> 135 | BE20: 32 | BF20: 137 | BG20: 6.8 | BI20: 22 | BJ20: 85 | BK20: 56 | BM20: 344 | BN20: 146 | BO20: 211 | BP20: 10.3 | BR20: 6 | BS20: 58 | BT20: 56 | BU20: 344 | BV20: 347 | BW20: 205 | BX20: 24 | BY20: 336 | BZ20: 370 | CA20: 205 | CB20: 23 | CC20: 343 | CD20: 272 | CE20: 154 | CF20: 8 | CG20: 336 | CH20: 275 | CI20: 153 | CJ20: 9 | CK20: 350 | CL20: 152 | CM20: 101 | CN20: 1 | CO20: 333 | CP20: 314 | CQ20: 154 | CR20: 4 | CS20: 337 | CT20: 305 | CU20: 181 | CV20: 100 | CW20: 341 | CX20: 204 | CY20: 98 | CZ20: 58 | DA20: 326 | DB20: 211 | DC20: 99 | DD20: 56 | DE20: 146 | DF20: 35 | DG20: 211 | DH20: 10.3 | DJ20: 7 | DK20: 59 | DL20: 54 | DN20: 343 | DO20: 141 | DP20: 35.13 | DQ20: 20.05 | DR20: 4.33 | DS20: 8 | DT20: 38 | DU20: 43.8 | EE20: 342 | EF20: 137 | EG20: 55 | EH20: 2.4 | EJ20: 9 | EK20: 45 | EL20: 48 | EM20: 137 | EN20: 114 | EO20: 4.8 | EQ20: 9 | ER20: 45 | ES20: 48 | ET20: 342 | EU20: 237 | EV20: 138.3 | EW20: -10.4 | EX20: 341 | EY20: 0 | EZ20: 0 | FA20: 0 | FB20: 340 | FC20: 237 | FD20: 137.8 | FE20: -6.9 | FF20: 341 | FG20: 0 | FH20: 0 | FI20: 0 | FJ20: 339 | FK20: 221 | FL20: 127.9 | FN20: 342 | FO20: 202 | FP20: 128.4 | FQ20: 2.6 | FR20: 137 | FS20: 71 | FT20: 17.92 | FV20: 137 | GA20: 342 | GB20: 375.44 | GC20: 235.45 | GD20: 13.15 | GE20: 342 | GF20: 399.03 | GG20: 232.18 | GH20: 17.17 | GI20: 342 | GJ20: 225.09 | GK20: -130.33 | GL20: -8.21 | GM20: 342 | GN20: 206.04 | GO20: -129.91 | GP20: -15.66 | GQ20: 342 | GR20: 163.86 | GS20: -104.03 | GT20: 0 | GU20: 342 | GV20: 180.54 | GW20: -104.61 | GX20: -4.1 | GZ20: 134KV | HA20: 34KV | HB20: 276 | HC20: 13.8 | HD20: 5.52 | HE20: 8 | HF20: 59 | HG20: 56 | HH20: 134KV | HI20: 34KV | HJ20: 206 | HK20: 10.3 | HL20: 4.12 | HM20: 5 | HN20: 58 | HO20: 58 | HP20: 134KV | HQ20: 34KV | HR20: 328 | HS20: 16.4 | HT20: 8.2 | HU20: 7 | HV20: 55 | HW20: 55 | HY20: 136 | HZ20: 33 | IA20: 108 | IB20: 5.4 | ID20: 2 | IE20: 62 | IF20: 42 | IH20: 137 | II20: 31.5 | IJ20: 216 | IK20: 10.8 | IL20: 11.7 | IM20: 4 | IN20: 44 | IO20: 43 | IP20: 137 | IQ20: 33 | IR20: 131 | IS20: 6.6 | IT20: 7.2 | IU20: 12 | IV20: 46 | IW20: 45 | IY20: 140.64 | IZ20: 35.25 | JA20: 322.94 | JB20: 16.61 | JC20: 6.61 | JD20: 3 | JE20: 57.56 | JF20: 43.39 | JG20: ON | JH20: ON | JI20: ON | JJ20: ON | JK20: ON | JL20: ON | JM20: ON | JN20: ON | JP20: 137 | JQ20: 32.5 | JR20: 0 | JS20: 0 | JT20: 0 | JU20: 2 | JV20: 36 | JW20: 36 | JX20: 137 | JY20: 34 | JZ20: 128 | KA20: 7.1 | KB20: 2.8 | KC20: 2 | KD20: 42 | KE20: 42 | KG20: O/S | KH20: O/S | KI20: O/S | KJ20: O/S | KL20: 1 | KM20: 0/S | KN20: 0/S | KO20: 136 | KP20: 33 | KQ20: 104 | KR20: 5.6 | KT20: 1 | KU20: 42 | KV20: 40 | KX20: 132 | KY20: 32 | KZ20: 159 | LA20: 7.8 | LB20: 3 | LC20: 3 | LD20: 47 | LE20: 45 | LF20: 132 | LG20: 33 | LH20: 259 | LI20: 12.7 | LJ20: 5 | LK20: 5 | LL20: 48 | LM20: 46 | LO20: 342 | LP20: 215 | LQ20: 120 | LR20: 72 | LS20: 333 | LT20: 52 | LU20: 7.6 | LV20: 140 | LW20: 96 | LX20: 48 | LY20: 44 | LZ20: 10 | MA20: 68 | MB20: 6.9 | MC20: 138 | MD20: 119 | ME20: 50 | MF20: 44 | MG20: 8 | MH20: TS | MI20: TS | MJ20: TS | MK20: TS | ML20: 40 | MM20: 38 | MN20: 5 | MT20: 14.5 | MU20: 5 | MV20: 283 | MW20: 35 | MX20: 30 | MY20: DEFECTIVE | MZ20: 5 | NB20: 17.2 | NC20: 6.2 | ND20: 308 | NE20: 34 | NF20: 40 | NG20: 40 | NH20: 6 | NJ20: TS | NK20: TS | NL20: TS | NM20: TS | NN20: 48 | NO20: 46 | NP20: 4
A21: 0.33333333 | C21: 50.4 | D21: 340 | E21: 134 | F21: 133 | G21: 28.6 | I21: 6 | J21: 49 | K21: 49 | L21: 138 | M21: 183 | N21: 43.6 | P21: 6 | Q21: 56 | R21: 49 | S21: 343.2 | T21: 199.3 | U21: 116.4 | W21: 376.3 | X21: 149.1 | Y21: 71.5 | AA21: 343.2 | AB21: 333.9 | AC21: 218.1 | AE21: 343.2 | AF21: 372.5 | AG21: 196.1 | AI21: 348.6 | AJ21: 363.9 | AK21: 229.1 | AM21: 341.5 | AN21: 388.6 | AO21: 219.4 | AQ21: =E21 -> 134 | AR21: =F21 -> 133 | AS21: =G21 -> 28.6 | AU21: =L21 -> 138 | AV21: =M21 -> 183 | AW21: =N21 -> 43.6 | AY21: =E21 -> 134 | BE21: 32 | BF21: 148 | BG21: 7.3 | BI21: 22 | BJ21: 85 | BK21: 56 | BM21: 344 | BN21: 146 | BO21: 168 | BP21: 8.4 | BR21: 6 | BS21: 56 | BT21: 56 | BU21: 344 | BV21: 352 | BW21: 204 | BX21: 19 | BY21: 336 | BZ21: 366 | CA21: 205 | CB21: 17 | CC21: 343 | CD21: 264 | CE21: 150 | CF21: 6 | CG21: 336 | CH21: 268 | CI21: 150 | CJ21: 9 | CK21: 349 | CL21: 147 | CM21: 98 | CN21: 2 | CO21: 333 | CP21: 303 | CQ21: 151 | CR21: 6 | CS21: 336 | CT21: 308 | CU21: 181 | CV21: 105 | CW21: 338 | CX21: 202 | CY21: 96 | CZ21: 57 | DA21: 325 | DB21: 207 | DC21: 97 | DD21: 55 | DE21: 146 | DF21: 35 | DG21: 168 | DH21: 8.4 | DJ21: 7 | DK21: 56 | DL21: 52 | DN21: 342 | DO21: 141 | DP21: 35.84 | DQ21: 20.34 | DR21: 4.57 | DS21: 8 | DT21: 36 | DU21: 43 | EE21: 341 | EF21: 137 | EG21: 71 | EH21: 3.1 | EJ21: 9 | EK21: 44 | EL21: 46 | EM21: 137 | EN21: 115 | EO21: 4.8 | EQ21: 9 | ER21: 45 | ES21: 46 | ET21: 341 | EU21: 238 | EV21: 138.2 | EW21: -10 | EX21: 340 | EY21: 0 | EZ21: 0 | FA21: 0 | FB21: 339 | FC21: 238 | FD21: 137.9 | FE21: -5.2 | FF21: 339 | FG21: 0 | FH21: 0 | FI21: 0 | FJ21: 338 | FK21: 225 | FL21: 129.6 | FN21: 341 | FO21: 202 | FP21: 130 | FQ21: 1.3 | FR21: 137 | FS21: 84 | FT21: 14.5 | FV21: 137 | GA21: 341 | GB21: 370.16 | GC21: 229.33 | GD21: 12.98 | GE21: 341 | GF21: 391.85 | GG21: 227.23 | GH21: 16.17 | GI21: 341 | GJ21: 222.57 | GK21: -128.06 | GL21: -6.2 | GM21: 341 | GN21: 203.69 | GO21: -128.32 | GP21: -13.74 | GQ21: 341 | GR21: 160.63 | GS21: -101.01 | GT21: -3.6 | GU21: 341 | GV21: 173.38 | GW21: -98.16 | GX21: -4.86 | GZ21: 134KV | HA21: 34KV | HB21: 266 | HC21: 13.3 | HD21: 5.32 | HE21: 8 | HF21: 60 | HG21: 57 | HH21: 134KV | HI21: 34KV | HJ21: 206 | HK21: 10.3 | HL21: 4.12 | HM21: 5 | HN21: 58 | HO21: 58 | HP21: 134KV | HQ21: 34KV | HR21: 343 | HS21: 17.15 | HT21: 8.575 | HU21: 7 | HV21: 56 | HW21: 56 | HY21: 136 | HZ21: 33 | IA21: 112 | IB21: 5.6 | ID21: 2 | IE21: 62 | IF21: 42 | IH21: 135 | II21: 31.3 | IJ21: 269 | IK21: 13.3 | IL21: 14.2 | IM21: 4 | IN21: 44 | IO21: 43 | IP21: 135 | IQ21: 32.6 | IR21: 124 | IS21: 6.2 | IT21: 6.8 | IU21: 12 | IV21: 46 | IW21: 45 | IY21: 140.4 | IZ21: 35.16 | JA21: 322.36 | JB21: 16.06 | JC21: 6.44 | JD21: 3 | JE21: 58.4 | JF21: 42.55 | JG21: ON | JH21: ON | JI21: ON | JJ21: ON | JK21: ON | JL21: ON | JM21: ON | JN21: ON | JP21: 136 | JQ21: 32.1 | JR21: 0 | JS21: 0 | JT21: 0 | JU21: 2 | JV21: 36 | JW21: 36 | JX21: 136 | JY21: 34.2 | JZ21: 128 | KA21: 6.8 | KB21: 2.4 | KC21: 2 | KD21: 43 | KE21: 43 | KG21: O/S | KH21: O/S | KI21: O/S | KJ21: O/S | KL21: 1 | KM21: 0/S | KN21: 0/S | KO21: 137 | KP21: 33 | KQ21: 44 | KR21: 2.3 | KT21: 1 | KU21: 44 | KV21: 42 | KX21: 126 | KY21: 31 | KZ21: 295 | LA21: 14.5 | LB21: 4 | LC21: 3 | LD21: 47 | LE21: 45 | LF21: 126 | LG21: 33 | LH21: 369 | LI21: 14.1 | LJ21: 5 | LK21: 5 | LL21: 48 | LM21: 46 | LO21: 339 | LP21: 240 | LQ21: 128 | LR21: 70 | LS21: 335 | LT21: 60 | LU21: 13.4 | LV21: 138 | LW21: 117 | LX21: 48 | LY21: 44 | LZ21: 10 | MA21: 68 | MB21: 8.4 | MC21: 137 | MD21: 123 | ME21: 50 | MF21: 44 | MG21: 8 | MH21: TS | MI21: TS | MJ21: TS | MK21: TS | ML21: 40 | MM21: 38 | MN21: 5 | MT21: 13.7 | MU21: 4 | MV21: 271 | MW21: 35 | MX21: 30 | MY21: DEFECTIVE | MZ21: 5 | NB21: 15.5 | NC21: 5.5 | ND21: 275 | NE21: 35 | NF21: 40 | NG21: 40 | NH21: 6 | NJ21: TS | NK21: TS | NL21: TS | NM21: TS | NN21: 48 | NO21: 46 | NP21: 4
A22: 0.375 | C22: 50.42 | D22: 340 | E22: 134 | F22: 133 | G22: 28.6 | I22: 6 | J22: 49 | K22: 49 | L22: 138 | M22: 189 | N22: 45.1 | P22: 6 | Q22: 56 | R22: 51 | S22: 343 | T22: 195.7 | U22: 114.3 | W22: 376.3 | X22: 146.1 | Y22: 71.4 | AE22: 342.5 | AF22: 490.7 | AG22: 261.1 | AI22: 348.7 | AJ22: 334.4 | AK22: 206.4 | AM22: 356.1 | AN22: 356.1 | AO22: 197.1 | AQ22: =E22 -> 134 | AR22: =F22 -> 133 | AS22: =G22 -> 28.6 | AU22: =L22 -> 138 | AV22: =M22 -> 189 | AW22: =N22 -> 45.1 | AY22: =E22 -> 134 | BE22: 32 | BF22: 146 | BG22: 7.2 | BI22: 22 | BJ22: 85 | BK22: 56 | BM22: 344 | BN22: 146 | BO22: 260 | BP22: 13 | BR22: 6 | BS22: 56 | BT22: 59 | BU22: 344 | BV22: 280 | BW22: 166 | BX22: 16 | BY22: 336 | BZ22: 301 | CA22: 167 | CB22: 13 | CC22: 344 | CD22: 268 | CE22: 152 | CF22: 8 | CG22: 336 | CH22: 270 | CI22: 152 | CJ22: 9 | CK22: 350 | CL22: 137 | CM22: 91 | CN22: 4 | CO22: 333 | CP22: 284 | CQ22: 139 | CR22: 9 | CS22: 336 | CT22: 297 | CU22: 168 | CV22: 113 | CW22: 339 | CX22: 179 | CY22: 77 | CZ22: 54 | DA22: 326 | DB22: 182 | DC22: 78 | DD22: 60 | DE22: 146 | DF22: 35 | DG22: 260 | DH22: 13 | DJ22: 7 | DK22: 56 | DL22: 77 | DN22: 342 | DO22: 141 | DP22: 34.59 | DQ22: 19.71 | DR22: 4.46 | DS22: 8 | DT22: 37 | DU22: 44.2 | EE22: 341 | EF22: 137 | EG22: 55 | EH22: 2.5 | EJ22: 9 | EK22: 46 | EL22: 47 | EM22: 137 | EN22: 118 | EO22: 5 | EQ22: 9 | ER22: 46 | ES22: 47 | ET22: 341 | EU22: 236 | EV22: 138.1 | EW22: -10.1 | EX22: 339 | EY22: 1 | EZ22: 0 | FA22: 0 | FB22: 339 | FC22: 236 | FD22: 137.4 | FE22: -5.1 | FF22: 339 | FG22: 1 | FH22: 0 | FI22: 0 | FJ22: 341 | FK22: 219 | FL22: 127 | FN22: 341 | FO22: 232 | FP22: 127 | FQ22: 1.1 | FR22: 137 | FS22: 117 | FT22: 19.81 | FV22: 137 | GA22: 341 | GB22: 368.1 | GC22: 204.2 | GD22: 20.52 | GE22: 341 | GF22: 358.1 | GG22: 203.5 | GH22: 23.1 | GI22: 341 | GJ22: 225.8 | GK22: 130 | GL22: -7.2 | GM22: 341 | GN22: 241.4 | GO22: 130.1 | GP22: -14.9 | GQ22: 341 | GR22: 142.4 | GS22: -76.4 | GT22: -9.4 | GU22: 341 | GV22: 138.2 | GW22: 75.6 | GX22: 11.5 | GZ22: 134KV | HA22: 34KV | HB22: 324 | HC22: 16.2 | HD22: 6.48 | HE22: 8 | HF22: 50 | HG22: 50 | HH22: 134KV | HI22: 34KV | HJ22: 221 | HK22: 11.05 | HL22: 4.42 | HM22: 5 | HN22: 40 | HO22: 40 | HP22: 134KV | HQ22: 34KV | HR22: 347 | HS22: 17.35 | HT22: 8.675 | HU22: 7 | HV22: 50 | HW22: 50 | HY22: 136 | HZ22: 33 | IA22: 126 | IB22: 6.3 | ID22: 2 | IE22: 62 | IF22: 42 | IH22: 133 | II22: 31.5 | IJ22: 252 | IK22: 12.4 | IL22: 13.3 | IM22: 4 | IN22: 45 | IO22: 44 | IP22: 133 | IQ22: 32.6 | IR22: 120 | IS22: 6 | IT22: 6.6 | IU22: 12 | IV22: 47 | IW22: 46 | IY22: 140.62 | IZ22: 35.23 | JA22: 315.28 | JB22: 15.77 | JC22: 5.38 | JD22: 3 | JE22: 57.5 | JF22: 48.24 | JG22: ON | JH22: ON | JI22: ON | JJ22: ON | JK22: ON | JL22: ON | JM22: ON | JN22: ON | JP22: 137 | JQ22: 32.2 | JR22: 0 | JS22: 0 | JT22: 0 | JU22: 2 | JV22: 38 | JW22: 37 | JX22: 137 | JY22: 34 | JZ22: 131 | KA22: 7 | KB22: 2.7 | KC22: 2 | KD22: 45 | KE22: 44 | KG22: O/S | KH22: O/S | KI22: O/S | KJ22: O/S | KL22: 1 | KM22: 0/S | KN22: 0/S | KO22: 136 | KP22: 33 | KQ22: 123 | KR22: 6.6 | KT22: 1 | KU22: 44 | KV22: 42 | KX22: 135 | KY22: 31 | KZ22: 275 | LA22: 13.5 | LB22: 4 | LC22: 3 | LD22: 50 | LE22: 52 | LF22: 135 | LG22: 33 | LH22: 251 | LI22: 12.3 | LJ22: 5 | LK22: 5 | LL22: 47 | LM22: 45 | LO22: 343 | LP22: 219 | LQ22: 125 | LR22: 72 | LS22: 331 | LT22: 50 | LU22: 4.4 | LV22: 140 | LW22: 87 | LX22: 47 | LY22: 44 | LZ22: 10 | MA22: 75 | MB22: 7.5 | MC22: 138 | MD22: 132 | ME22: 51 | MF22: 44 | MG22: 8 | MH22: TS | MI22: TS | MJ22: TS | MK22: TS | ML22: 40 | MM22: 38 | MN22: 5 | MT22: 9 | MU22: 3 | MV22: 112 | MW22: 35 | MX22: 30 | MY22: DEFECTIVE | MZ22: 5 | NB22: 15 | NC22: 6 | ND22: 268 | NE22: 35 | NF22: 39 | NG22: 39 | NH22: 6 | NJ22: TS | NK22: TS | NL22: TS | NM22: TS | NN22: 45 | NO22: 40 | NP22: 4
A23: 0.41666667 | C23: 50.23 | D23: 340 | E23: 133 | F23: 150 | G23: 31.8 | I23: 6 | J23: 49 | K23: 49 | L23: 137 | M23: 194 | N23: 46.1 | P23: 6 | Q23: 56 | R23: 51 | S23: 341.6 | T23: 191.9 | U23: 97.3 | W23: 374.9 | X23: 120.2 | Y23: 43.3 | AE23: 341.3 | AF23: 569.2 | AG23: 294.3 | AI23: 347.2 | AJ23: 335.3 | AK23: 202.1 | AM23: 339.9 | AN23: 357.8 | AO23: 192.1 | AQ23: =E23 -> 133 | AR23: =F23 -> 150 | AS23: =G23 -> 31.8 | AU23: =L23 -> 137 | AV23: =M23 -> 194 | AW23: =N23 -> 46.1 | AY23: =E23 -> 133 | BE23: 0 | BF23: 0 | BG23: 0 | BI23: 22 | BJ23: 85 | BK23: 56 | BM23: 344 | BN23: 146 | BO23: 243 | BP23: 12.2 | BR23: 6 | BS23: 60 | BT23: 60 | BU23: 344 | BV23: 287 | BW23: 166 | BX23: 13 | BY23: 336 | BZ23: 302 | CA23: 168 | CB23: 12 | CC23: 343 | CD23: 258 | CE23: 144 | CF23: 10 | CG23: 336 | CH23: 273 | CI23: 145 | CJ23: 14 | CK23: 349 | CL23: 127 | CM23: 85 | CN23: 6 | CO23: 333 | CP23: 283 | CQ23: 138 | CR23: 14 | CS23: 337 | CT23: 295 | CU23: 165 | CV23: 112 | CW23: 340 | CX23: 173 | CY23: 76 | CZ23: 52 | DA23: 340 | DB23: 181 | DC23: 78 | DD23: 56 | DE23: 146 | DF23: 35 | DG23: 243 | DH23: 12.2 | DJ23: 7 | DK23: 61 | DL23: 54 | DN23: 342 | DO23: 141 | DP23: 33.37 | DQ23: 19.93 | DR23: 4.39 | DS23: 8 | DT23: 36 | DU23: 40.6 | EE23: 341 | EF23: 137 | EG23: 69 | EH23: 3 | EJ23: 9 | EK23: 47 | EL23: 49 | EM23: 137 | EN23: 117 | EO23: 5 | EQ23: 9 | ER23: 48 | ES23: 49 | ET23: 340 | EU23: 213 | EV23: 124.7 | EW23: 8 | EX23: 339 | EY23: 1 | EZ23: 0 | FA23: 0 | FB23: 339 | FC23: 211 | FD23: 123.3 | FE23: 9 | FF23: 339 | FG23: 1 | FH23: 0 | FI23: 0 | FJ23: 341 | FK23: 197 | FL23: 113.2 | FN23: 341 | FO23: 193 | FP23: 112.7 | FQ23: 17.3 | FR23: 137 | FS23: 115 | FT23: 19.01 | FV23: 137 | GA23: 0 | GB23: 0 | GC23: 0 | GD23: 0 | GE23: 341 | GF23: 662.95 | GG23: 386.71 | GH23: 63.82 | GI23: 341 | GJ23: 194.31 | GK23: -110.22 | GL23: -22.87 | GM23: 341 | GN23: 180.54 | GO23: -19.22 | GP23: -29.32 | GQ23: 341 | GR23: 137.16 | GS23: -84.26 | GT23: -4.94 | GU23: 340 | GV23: 153.57 | GW23: -84.01 | GX23: -7.71 | GZ23: 134KV | HA23: 34KV | HB23: 335 | HC23: 16.75 | HD23: 6.7 | HE23: 8 | HF23: 50 | HG23: 50 | HH23: 134KV | HI23: 34KV | HJ23: 214 | HK23: 10.7 | HL23: 4.28 | HM23: 5 | HN23: 40 | HO23: 40 | HP23: 134KV | HQ23: 34KV | HR23: 392 | HS23: 19.6 | HT23: 9.8 | HU23: 7 | HV23: 50 | HW23: 50 | HY23: 136 | HZ23: 33 | IA23: 128 | IB23: 6.4 | ID23: 2 | IE23: 62 | IF23: 42 | IH23: 132 | II23: 29.7 | IJ23: 322 | IK23: 15.2 | IL23: 16.3 | IM23: 4 | IN23: 47 | IO23: 46 | IP23: 132 | IQ23: 30.6 | IR23: 213 | IS23: 10.2 | IT23: 11.1 | IU23: 12 | IV23: 50 | IW23: 48 | IY23: 140.61 | IZ23: 35.21 | JA23: 307.64 | JB23: 15.39 | JC23: 5.48 | JD23: 3 | JE23: 59.78 | JF23: 48.24 | JG23: ON | JH23: ON | JI23: ON | JJ23: ON | JK23: ON | JL23: ON | JM23: ON | JN23: ON | JP23: 136 | JQ23: 32.2 | JR23: 0 | JS23: 0 | JT23: 0 | JU23: 2 | JV23: 40 | JW23: 39 | JX23: 136 | JY23: 34.1 | JZ23: 129 | KA23: 6.8 | KB23: 2.5 | KC23: 2 | KD23: 48 | KE23: 47 | KG23: O/S | KH23: O/S | KI23: O/S | KJ23: O/S | KL23: 1 | KM23: 0/S | KN23: 0/S | KO23: 136 | KP23: 33 | KQ23: 109 | KR23: 6 | KT23: 1 | KU23: 44 | KV23: 42 | KX23: 130 | KY23: 31 | KZ23: 316 | LA23: 15.5 | LB23: 4 | LC23: 3 | LD23: 50 | LE23: 52 | LF23: 130 | LG23: 33 | LH23: 310 | LI23: 15.2 | LJ23: 5 | LK23: 5 | LL23: 47 | LM23: 45 | LO23: 343 | LP23: 190 | LQ23: 106 | LR23: 73 | LS23: 332 | LT23: 64 | LU23: 10 | LV23: 140 | LW23: 114 | LX23: 48 | LY23: 45 | LZ23: 10 | MA23: 42 | MB23: 15 | MC23: 139 | MD23: 76 | ME23: 49 | MF23: 45 | MG23: 8 | MH23: TS | MI23: TS | MJ23: TS | MK23: TS | ML23: 40 | MM23: 38 | MN23: 5 | MT23: 0 | MU23: 1 | MV23: 3 | MW23: 35 | MX23: 30 | MY23: DEFECTIVE | MZ23: 5 | NB23: 20 | NC23: 7 | ND23: 360 | NE23: 35 | NF23: 39 | NG23: 39 | NH23: 6 | NJ23: TS | NK23: TS | NL23: TS | NM23: TS | NN23: 45 | NO23: 40 | NP23: 4
A24: 0.45833333 | C24: 50.11 | D24: 340 | E24: 133 | F24: 145 | G24: 30.9 | I24: 6 | J24: 49 | K24: 49 | L24: 136 | M24: 201 | N24: 46.9 | P24: 6 | Q24: 56 | R24: 51 | S24: 338.3 | T24: 167.9 | U24: 96.6 | W24: 371.2 | X24: 106.9 | Y24: 42.3 | AE24: 338.1 | AF24: 595.1 | AG24: 303.1 | AI24: 344.5 | AJ24: 382.2 | AK24: 232 | AM24: 336.7 | AN24: 305.1 | AO24: 219.1 | AQ24: =E24 -> 133 | AR24: =F24 -> 145 | AS24: =G24 -> 30.9 | AU24: =L24 -> 136 | AV24: =M24 -> 201 | AW24: =N24 -> 46.9 | AY24: =E24 -> 133 | BE24: 0 | BF24: 0 | BG24: 0 | BI24: 22 | BJ24: 85 | BK24: 56 | BM24: 343 | BN24: 146 | BO24: 205 | BP24: 10.3 | BR24: 6 | BS24: 63 | BT24: 64 | BU24: 343 | BV24: 281 | BW24: 167 | BX24: 10 | BY24: 336 | BZ24: 302 | CA24: 167 | CB24: 6 | CC24: 343 | CD24: 270 | CE24: 158 | CF24: 16 | CG24: 336 | CH24: 285 | CI24: 158 | CJ24: 16 | CK24: 349 | CL24: 121 | CM24: 81 | CN24: 6 | CO24: 333 | CP24: 262 | CQ24: 128 | CR24: 11 | CS24: 336 | CT24: 287 | CU24: 159 | CV24: 112 | CW24: 339 | CX24: 203 | CY24: 103 | CZ24: 55 | DA24: 325 | DB24: 213 | DC24: 104 | DD24: 46 | DE24: 146 | DF24: 35 | DG24: 205 | DH24: 10.3 | DJ24: 7 | DK24: 59 | DL24: 54 | DN24: 342 | DO24: 141 | DP24: 26.32 | DQ24: 15.23 | DR24: 1.97 | DS24: 8 | DT24: 39 | DU24: 48.6 | EE24: 338 | EF24: 135 | EG24: 70 | EH24: 3 | EJ24: 9 | EK24: 48 | EL24: 50 | EM24: 137 | EN24: 133 | EO24: 5.5 | EQ24: 9 | ER24: 49 | ES24: 51 | ET24: 337 | EU24: 239 | EV24: 139 | EW24: 3.8 | EX24: 336 | EY24: 0 | EZ24: 0 | FA24: 0 | FB24: 336 | FC24: 239 | FD24: 138.8 | FE24: 4.4 | FF24: 337 | FG24: 0 | FH24: 0 | FI24: 0 | FJ24: 338 | FK24: 219 | FL24: 125 | FN24: 338 | FO24: 214 | FP24: 125.8 | FQ24: 10.7 | FR24: 136 | FS24: 139 | FT24: 24.61 | FV24: 136 | GA24: 339 | GB24: 376.17 | GC24: 228.15 | GD24: 31.66 | GE24: 338 | GF24: 400.93 | GG24: 226.31 | GH24: 34.34 | GI24: 338 | GJ24: 226.11 | GK24: -127.73 | GL24: -18.26 | GM24: 338 | GN24: 206.62 | GO24: -127.81 | GP24: -25.29 | GQ24: 339 | GR24: 162.95 | GS24: -98.83 | GT24: -10.05 | GU24: 338 | GV24: 184.2 | GW24: -100.84 | GX24: -13.15 | GZ24: 134KV | HA24: 34KV | HB24: 340 | HC24: 17 | HD24: 6.8 | HE24: 8 | HF24: 50 | HG24: 50 | HH24: 134KV | HI24: 34KV | HJ24: 216 | HK24: 10.8 | HL24: 4.32 | HM24: 5 | HN24: 40 | HO24: 40 | HP24: 134KV | HQ24: 34KV | HR24: 399 | HS24: 19.95 | HT24: 9.975 | HU24: 7 | HV24: 50 | HW24: 50 | HY24: 135 | HZ24: 33 | IA24: 180 | IB24: 9 | ID24: 2 | IE24: 62 | IF24: 42 | IH24: 129 | II24: 30.8 | IJ24: 326 | IK24: 15.8 | IL24: 17 | IM24: 4 | IN24: 47 | IO24: 46 | IP24: 129 | IQ24: 30.8 | IR24: 192 | IS24: 9.4 | IT24: 10.2 | IU24: 12 | IV24: 50 | IW24: 48 | IY24: 140.79 | IZ24: 35.56 | JA24: 180.18 | JB24: 9.01 | JC24: 5.6 | JD24: 3 | JE24: 58.5 | JF24: 45.61 | JG24: ON | JH24: ON | JI24: ON | JJ24: ON | JK24: ON | JL24: ON | JM24: ON | JN24: ON | JP24: 134 | JQ24: 32 | JR24: 0 | JS24: 0 | JT24: 0 | JU24: 2 | JV24: 43 | JW24: 42 | JX24: 134 | JY24: 33.4 | JZ24: 131 | KA24: 6.9 | KB24: 2.5 | KC24: 2 | KD24: 50 | KE24: 49 | KG24: O/S | KH24: O/S | KI24: O/S | KJ24: O/S | KL24: 1 | KM24: 0/S | KN24: 0/S | KO24: 133 | KP24: 32 | KQ24: 169 | KR24: 9.1 | KT24: 1 | KU24: 44 | KV24: 32 | KX24: 132 | KY24: 31 | KZ24: 277 | LA24: 13.6 | LB24: 4 | LC24: 3 | LD24: 50 | LE24: 52 | LF24: 132 | LG24: 33 | LH24: 328 | LI24: 16.1 | LJ24: 5 | LK24: 5 | LL24: 47 | LM24: 45 | LO24: 343 | LP24: 179 | LQ24: 99 | LR24: 73 | LS24: 332 | LT24: 53 | LU24: 8.4 | LV24: 141 | LW24: 96 | LX24: 49 | LY24: 46 | LZ24: 10 | MA24: 46 | MB24: 13 | MC24: 139 | MD24: 83 | ME24: 49 | MF24: 47 | MG24: 8 | MH24: TS | MI24: TS | MJ24: TS | MK24: TS | ML24: 40 | MM24: 38 | MN24: 5 | MT24: 3 | MU24: 4 | MV24: 61 | MW24: 35 | MX24: 30 | MY24: DEFECTIVE | MZ24: 5 | NB24: 8.2 | NC24: 3.3 | ND24: 155 | NE24: 35 | NF24: 39 | NG24: 39 | NH24: 6 | NJ24: TS | NK24: TS | NL24: TS | NM24: TS | NN24: 45 | NO24: 40 | NP24: 4
A25: 0.5 | C25: 50.28 | D25: 339 | E25: 133 | F25: 154 | G25: 32.8 | I25: 6 | J25: 49 | K25: 49 | L25: 139 | M25: 80 | N25: 20.3 | P25: 6 | Q25: 56 | R25: 51 | S25: 341.5 | T25: 117.5 | U25: 61.2 | W25: 374.4 | X25: 911.8 | Y25: 5.4 | AE25: 341.2 | AF25: 652.5 | AG25: 344.8 | AI25: 347.5 | AJ25: 362.3 | AK25: 200.4 | AM25: 339.7 | AN25: 351.7 | AO25: 191.5 | AQ25: =E25 -> 133 | AR25: =F25 -> 154 | AS25: =G25 -> 32.8 | AU25: =L25 -> 139 | AV25: =M25 -> 80 | AW25: =N25 -> 20.3 | AY25: =E25 -> 133 | BE25: 32 | BF25: 9 | BG25: 0.5 | BI25: 22 | BJ25: 87 | BK25: 62 | BM25: 344 | BN25: 146 | BO25: 223 | BP25: 11.2 | BR25: 6 | BS25: 67 | BT25: 68 | BU25: O/S | BV25: O/S | BW25: O/S | BX25: O/S | BY25: 337 | BZ25: 589 | CA25: 330 | CB25: 39 | CC25: 344 | CD25: 276 | CE25: 157 | CF25: 17 | CG25: 336 | CH25: 268 | CI25: 152 | CJ25: 9 | CK25: 350 | CL25: 112 | CM25: 75 | CN25: 9 | CO25: 333 | CP25: 232 | CQ25: 115 | CR25: 7 | CS25: 337 | CT25: 259 | CU25: 150 | CV25: 95 | CW25: 339 | CX25: 229 | CY25: 113 | CZ25: 64 | DA25: 325 | DB25: 236 | DC25: 115 | DD25: 56 | DE25: 146 | DF25: 35.4 | DG25: 223 | DH25: 11.2 | DJ25: 7 | DK25: 58 | DL25: 57 | DN25: 343 | DO25: 141 | DP25: 37.54 | DQ25: 21.48 | DR25: 5.09 | DS25: 8 | DT25: 45 | DU25: 49.1 | EE25: 341 | EF25: 137 | EG25: 70 | EH25: 3 | EJ25: 9 | EK25: 49 | EL25: 51 | EM25: 137 | EN25: 116 | EO25: 4.9 | EQ25: 9 | ER25: 50 | ES25: 52 | ET25: 341 | EU25: 213 | EV25: 124 | EW25: 6.4 | EX25: 339 | EY25: 0 | EZ25: 0 | FA25: 0 | FB25: 339 | FC25: 214 | FD25: 124 | FE25: 9.3 | FF25: 340 | FG25: 0 | FH25: 0 | FI25: 0 | FJ25: 341 | FK25: 198 | FL25: 125 | FN25: 341 | FO25: 193 | FP25: 113.8 | FQ25: 14.8 | FR25: 137 | FS25: 115 | FT25: 16.3 | FV25: 137 | GA25: 340 | GB25: 383.5 | GC25: 236.36 | GD25: 25.8 | GE25: 341 | GF25: 410.75 | GG25: 233.93 | GH25: 28.9 | GI25: 341 | GJ25: 202.81 | GK25: -114.33 | GL25: -23.28 | GM25: 341 | GN25: 185.23 | GO25: -113.66 | GP25: -30.49 | GQ25: 341 | GR25: 198.71 | GS25: -122.12 | GT25: 0 | GU25: 340 | GV25: 220.25 | GW25: -123.12 | GX25: -3.77 | GZ25: 134KV | HA25: 34KV | HB25: 343 | HC25: 17.15 | HD25: 6.86 | HE25: 8 | HF25: 50 | HG25: 50 | HH25: 134KV | HI25: 34KV | HJ25: 215 | HK25: 10.75 | HL25: 4.3 | HM25: 5 | HN25: 40 | HO25: 40 | HP25: 134KV | HQ25: 34KV | HR25: 394 | HS25: 19.7 | HT25: 9.85 | HU25: 7 | HV25: 50 | HW25: 50 | HY25: 136 | HZ25: 33 | IA25: 114 | IB25: 5.7 | ID25: 2 | IE25: 68 | IF25: 48 | IH25: 127 | II25: 30.1 | IJ25: 402 | IK25: 19.3 | IL25: 20.6 | IM25: 4 | IN25: 47 | IO25: 46 | IP25: 127 | IQ25: 30.5 | IR25: 210 | IS25: 9.9 | IT25: 10.7 | IU25: 12 | IV25: 50 | IW25: 48 | IY25: 140.88 | IZ25: 35.19 | JA25: 292.5 | JB25: 14.63 | JC25: 3.16 | JD25: 3 | JE25: 63.34 | JF25: 45.61 | JG25: ON | JH25: ON | JI25: ON | JJ25: ON | JK25: ON | JL25: ON | JM25: ON | JN25: ON | JP25: 137 | JQ25: 32.1 | JR25: 0 | JS25: 0 | JT25: 0 | JU25: 2 | JV25: 45 | JW25: 44 | JX25: 137 | JY25: 34.2 | JZ25: 128 | KA25: 6.9 | KB25: 2.6 | KC25: 2 | KD25: 52 | KE25: 51 | KG25: O/S | KH25: O/S | KI25: O/S | KJ25: O/S | KL25: 1 | KM25: 0/S | KN25: 0/S | KO25: 135 | KP25: 33 | KQ25: DS | KR25: DS | KT25: 1 | KU25: 46 | KV25: 44 | KX25: 130 | KY25: 31 | KZ25: 275 | LA25: 13.5 | LB25: 4 | LC25: 3 | LD25: 50 | LE25: 52 | LF25: 130 | LG25: 33 | LH25: 267 | LI25: 13.1 | LJ25: 5 | LK25: 5 | LL25: 47 | LM25: 45 | LO25: 343 | LP25: 209 | LQ25: 117 | LR25: 72 | LS25: 332 | LT25: 49 | LU25: 6 | LV25: 141 | LW25: 92 | LX25: 51 | LY25: 50 | LZ25: 10 | MA25: 68 | MB25: 10 | MC25: 138 | MD25: 117 | ME25: 53 | MF25: 50 | MG25: 8 | MH25: TS | MI25: TS | MJ25: TS | MK25: TS | ML25: 40 | MM25: 38 | MN25: 5 | MT25: 4 | MU25: 3 | MV25: 78 | MW25: 35 | MX25: 30 | MY25: DEFECTIVE | MZ25: 5 | NB25: 8.3 | NC25: 3.1 | ND25: 153 | NE25: 35 | NF25: 39 | NG25: 39 | NH25: 6 | NJ25: TS | NK25: TS | NL25: TS | NM25: TS | NN25: 45 | NO25: 40 | NP25: 4
A26: 0.54166667 | C26: 50.2 | D26: 339 | E26: 133 | F26: 159 | G26: 33.5 | I26: 6 | J26: 49 | K26: 49 | L26: 139 | M26: 44 | N26: 9.2 | P26: 6 | Q26: 56 | R26: 51 | S26: 341.9 | T26: 173.5 | U26: 60.9 | W26: 374.9 | X26: 77.3 | Y26: 0.3 | AE26: 341.6 | AF26: 645.8 | AG26: 346.9 | AI26: 348.4 | AJ26: 326.7 | AK26: 199.9 | AM26: 340.5 | AN26: 351.7 | AO26: 190.4 | AQ26: =E26 -> 133 | AR26: =F26 -> 159 | AS26: =G26 -> 33.5 | AU26: =L26 -> 139 | AV26: =M26 -> 44 | AW26: =N26 -> 9.2 | AY26: =E26 -> 133 | BE26: 32 | BF26: 26 | BG26: 1.3 | BI26: 22 | BJ26: 87 | BK26: 62 | BM26: 345 | BN26: 146 | BO26: 183 | BP26: 9.2 | BR26: 6 | BS26: 67 | BT26: 68 | BU26: 345 | BV26: 285 | BW26: 169 | BX26: 26 | BY26: 338 | BZ26: 300 | CA26: 167 | CB26: 23 | CC26: 345 | CD26: 230 | CE26: 132 | CF26: 12 | CG26: 337 | CH26: 235 | CI26: 130 | CJ26: 13 | CK26: 351 | CL26: 89 | CM26: 60 | CN26: 5 | CO26: 334 | CP26: 179 | CQ26: 88 | CR26: 6 | CS26: 337 | CT26: 218 | CU26: 125 | CV26: 78 | CW26: 339 | CX26: 255 | CY26: 132 | CZ26: 67 | DA26: 326 | DB26: 264 | DC26: 134 | DD26: 51 | DE26: 146 | DF26: 35.4 | DG26: 183 | DH26: 9.2 | DJ26: 7 | DK26: 58 | DL26: 57 | DN26: 344 | DO26: 141 | DP26: 37.48 | DQ26: 21.12 | DR26: 5.47 | DS26: 8 | DT26: 48 | DU26: 51.1 | EE26: 340 | EF26: 137 | EG26: 70 | EH26: 3 | EJ26: 9 | EK26: 49 | EL26: 51 | EM26: 137 | EN26: 112 | EO26: 4.7 | EQ26: 9 | ER26: 50 | ES26: 52 | ET26: 339 | EU26: 214 | EV26: 125 | EW26: 6.5 | EX26: 338 | EY26: 0 | EZ26: 0 | FA26: 0 | FB26: 339 | FC26: 0 | FD26: 0 | FE26: 0 | FF26: 339 | FG26: 0 | FH26: 0 | FI26: 0 | FJ26: 340 | FK26: 91 | FL26: 52.8 | FN26: 341 | FO26: 90 | FP26: 52.5 | FQ26: 10.3 | FR26: 137 | FS26: 107 | FT26: 17.31 | FV26: 137 | GA26: 340 | GB26: 313.28 | GC26: 190.88 | GD26: 27.14 | GE26: 340 | GF26: 334.11 | GG26: 188.87 | GH26: 29.9 | GI26: 340 | GJ26: 98.77 | GK26: -53.19 | GL26: -22.28 | GM26: 340 | GN26: 91.73 | GO26: -52.43 | GP26: -25.13 | GQ26: 340 | GR26: 223.06 | GS26: -138.37 | GT26: 0 | GU26: 339 | GV26: 253.51 | GW26: -143.06 | GX26: -3.27 | GZ26: 134KV | HA26: 34KV | HB26: 148 | HC26: 7.4 | HD26: 2.96 | HE26: 8 | HF26: 50 | HG26: 50 | HH26: 134KV | HI26: 34KV | HJ26: 382 | HK26: 19.1 | HL26: 7.64 | HM26: 5 | HN26: 40 | HO26: 40 | HP26: 134KV | HQ26: 34KV | HR26: 312 | HS26: 15.6 | HT26: 7.8 | HU26: 7 | HV26: 50 | HW26: 50 | HY26: 136 | HZ26: 33 | IA26: 68 | IB26: 3.4 | ID26: 2 | IE26: 68 | IF26: 48 | II26: MTT | IJ26: MTT | IK26: MTT | IL26: MTT | IM26: 4 | IN26: 46 | IO26: 45 | IP26: MTT | IQ26: MTT | IR26: MTT | IS26: MTT | IT26: MTT | IU26: 12 | IV26: 45 | IW26: 43 | IY26: 140.78 | IZ26: 35.18 | JA26: 284.1 | JB26: 14.21 | JC26: 6.66 | JD26: 3 | JE26: 63.54 | JF26: 45.61 | JG26: ON | JH26: ON | JI26: ON | JJ26: ON | JK26: ON | JL26: ON | JM26: ON | JN26: ON | JP26: 137 | JQ26: 32.1 | JR26: 0 | JS26: 0 | JT26: 0 | JU26: 2 | JV26: 48 | JW26: 47 | JX26: 137 | JY26: 34 | JZ26: 140 | KA26: 7.4 | KB26: 2.7 | KC26: 2 | KD26: 55 | KE26: 54 | KG26: 135 | KH26: 32 | KI26: 58 | KJ26: 3.2 | KL26: 1 | KM26: 46 | KN26: 46 | KO26: 135 | KP26: 32 | KQ26: 62 | KR26: 3.5 | KT26: 1 | KU26: 46 | KV26: 44 | KX26: 130 | KY26: 31 | KZ26: 271 | LA26: 13.3 | LB26: 2 | LC26: 3 | LD26: 50 | LE26: 52 | LF26: 130 | LG26: 33 | LH26: 255 | LI26: 12.5 | LJ26: 5 | LK26: 5 | LL26: 47 | LM26: 45 | LO26: 345 | LP26: 201 | LQ26: 100 | LR26: 73 | LS26: 332 | LT26: 42 | LU26: 0.8 | LV26: 143 | LW26: 98 | LX26: 53 | LY26: 52 | LZ26: 10 | MA26: 58 | MB26: 14.7 | MC26: 140 | MD26: 103 | ME26: 51 | MF26: 52 | MG26: 8 | MH26: TS | MI26: TS | MJ26: TS | MK26: TS | ML26: 40 | MM26: 38 | MN26: 5 | MT26: 1 | MU26: 3 | MV26: 26 | MW26: 35 | MX26: 30 | MY26: DEFECTIVE | MZ26: 5 | NB26: 14 | NC26: 6 | ND26: 266 | NE26: 35 | NF26: 39 | NG26: 39 | NH26: 6 | NJ26: TS | NK26: TS | NL26: TS | NM26: TS | NN26: 45 | NO26: 40 | NP26: 4
A27: 0.58333333 | C27: 50.42 | D27: 340 | E27: 136 | F27: 147 | G27: 31.6 | I27: 6 | J27: 49 | K27: 49 | L27: 141 | M27: 45 | N27: 10.3 | P27: 6 | Q27: 56 | R27: 51 | S27: 347.7 | T27: 168.3 | U27: 97.7 | W27: 381.5 | X27: 123.9 | Y27: 62.3 | AE27: 344.5 | AF27: 660.5 | AG27: 363.1 | AI27: 353.9 | AJ27: 336.3 | AK27: 209.3 | AM27: 346.9 | AN27: 343.6 | AO27: 193.9 | AQ27: =E27 -> 136 | AR27: =F27 -> 147 | AS27: =G27 -> 31.6 | AU27: =L27 -> 141 | AV27: =M27 -> 45 | AW27: =N27 -> 10.3 | AY27: =E27 -> 136 | BE27: 32 | BF27: 23 | BG27: 1.1 | BI27: 22 | BJ27: 87 | BK27: 62 | BM27: 346 | BN27: 147 | BO27: 232 | BP27: 11.6 | BR27: 6 | BS27: 68 | BT27: 70 | BU27: 346 | BV27: 285 | BW27: 162 | BX27: 39 | BY27: 338 | BZ27: 299 | CA27: 164 | CB27: 36 | CC27: 345 | CD27: 230 | CE27: 130 | CF27: 10 | CG27: 338 | CH27: 235 | CI27: 131 | CJ27: 10 | CK27: 351 | CL27: 111 | CM27: 74 | CN27: 1 | CO27: 335 | CP27: 243 | CQ27: 117 | CR27: 1 | CS27: 339 | CT27: 275 | CU27: 161 | CV27: 94 | CW27: 340 | CX27: 195 | CY27: 83 | CZ27: 60 | DA27: 327 | DB27: 202 | DC27: 88 | DD27: 65 | DE27: 147 | DF27: 35.4 | DG27: 232 | DH27: 11.6 | DJ27: 7 | DK27: 58 | DL27: 54 | DN27: 344 | DO27: 141 | DP27: 38.61 | DQ27: 21.96 | DR27: 6.65 | DS27: 8 | DT27: 47 | DU27: 51.4 | EE27: 345 | EF27: 138 | EG27: 87 | EH27: 3.7 | EJ27: 9 | EK27: 49 | EL27: 52 | EM27: 137 | EN27: 114 | EO27: 4.8 | EQ27: 9 | ER27: 50 | ES27: 51 | ET27: 344 | EU27: 211 | EV27: 124.4 | EW27: 1.7 | EX27: 342 | EY27: 0 | EZ27: 0 | FA27: 0 | FB27: 343 | FC27: 210 | FD27: 124 | FE27: 3.8 | FF27: 343 | FG27: 0 | FH27: 0 | FI27: 0 | FJ27: 345 | FK27: 194 | FL27: 113 | FN27: 345 | FO27: 191 | FP27: 110.8 | FQ27: 10.9 | FR27: 137 | FS27: 117 | FT27: 14.61 | FV27: 137 | GA27: 345 | GB27: 326.2 | GC27: 204.62 | GD27: 13.4 | GE27: 345 | GF27: 346.57 | GG27: 202.53 | GH27: 16.67 | GI27: 345 | GJ27: 192.55 | GK27: -111.98 | GL27: -18.68 | GM27: 345 | GN27: 179.36 | GO27: -112.9 | GP27: -25.29 | GQ27: 345 | GR27: 143.32 | GS27: -89.96 | GT27: 9.13 | GU27: 344 | GV27: 161.93 | GW27: -91.21 | GX27: 6.45 | GZ27: 134KV | HA27: 34KV | HB27: 172 | HC27: 8.6 | HD27: 3.44 | HE27: 8 | HF27: 50 | HG27: 50 | HH27: 134KV | HI27: 34KV | HJ27: 285 | HK27: 14.25 | HL27: 5.7 | HM27: 5 | HN27: 40 | HO27: 40 | HP27: 134KV | HQ27: 34KV | HR27: 346 | HS27: 17.3 | HT27: 8.65 | HU27: 7 | HV27: 50 | HW27: 50 | HY27: 136 | HZ27: 33 | IA27: 70 | IB27: 3.5 | ID27: 2 | IE27: 68 | IF27: 48 | II27: MTT | IJ27: MTT | IK27: MTT | IL27: MTT | IM27: 4 | IN27: 46 | IO27: 45 | IP27: MTT | IQ27: MTT | IR27: MTT | IS27: MTT | IT27: MTT | IU27: 12 | IV27: 45 | IW27: 43 | IY27: 140.94 | IZ27: 35.19 | JA27: 297.66 | JB27: 14.89 | JC27: 7.18 | JD27: 3 | JE27: 64.92 | JF27: 46.47 | JG27: ON | JH27: ON | JI27: ON | JJ27: ON | JK27: ON | JL27: ON | JM27: ON | JN27: ON | JP27: 138 | JQ27: 32.2 | JR27: 0 | JS27: 0 | JT27: 0 | JU27: 2 | JV27: 48 | JW27: 48 | JX27: 138 | JY27: 34.4 | JZ27: 138 | KA27: 7.4 | KB27: 2.7 | KC27: 2 | KD27: 57 | KE27: 56 | KG27: 138 | KH27: 34 | KI27: 14 | KJ27: 0.6 | KL27: 1 | KM27: 46 | KN27: 46 | KO27: 138 | KP27: 34 | KQ27: 58 | KR27: 3.3 | KT27: 1 | KU27: 46 | KV27: 44 | KX27: 134 | KY27: 33 | KZ27: 73 | LA27: 3.6 | LB27: 2 | LC27: 3 | LD27: 55 | LE27: 55 | LF27: 132 | LG27: 33 | LH27: 353 | LI27: 17.3 | LJ27: 5 | LK27: 5 | LL27: 50 | LM27: 50 | LO27: 346 | LP27: 208 | LQ27: 117 | LR27: 74 | LS27: 334 | LT27: 55 | LU27: 6.6 | LV27: 142 | LW27: 97 | LX27: 54 | LY27: 53 | LZ27: 10 | MA27: 62 | MB27: 16.5 | MC27: 140 | MD27: 111 | ME27: 54 | MF27: 53 | MG27: 8 | MH27: TS | MI27: TS | MJ27: TS | MK27: TS | ML27: 40 | MM27: 38 | MN27: 5 | MT27: 0.4 | MU27: 0.11 | MV27: 8 | MW27: 35 | MX27: 30 | MY27: DEFECTIVE | MZ27: 5 | NB27: 17 | NC27: 6.4 | ND27: 305 | NE27: 35 | NF27: 39 | NG27: 39 | NH27: 6 | NJ27: TS | NK27: TS | NL27: TS | NM27: TS | NN27: 45 | NO27: 40 | NP27: 4
A28: 0.625 | C28: 50.27 | D28: 340 | E28: 135 | F28: 102 | G28: 22.1 | I28: 6 | J28: 49 | K28: 49 | L28: 140 | M28: 44 | N28: 9.6 | P28: 6 | Q28: 56 | R28: 51 | S28: 344.4 | T28: 164.3 | U28: 94.4 | W28: 378.1 | X28: 114.9 | Y28: 37.1 | AE28: 344.1 | AF28: 667.4 | AG28: 368.5 | AI28: 350.6 | AJ28: 330.2 | AK28: 206.3 | AM28: 340.9 | AN28: 353.6 | AO28: 195.9 | AQ28: =E28 -> 135 | AR28: =F28 -> 102 | AS28: =G28 -> 22.1 | AU28: =L28 -> 140 | AV28: =M28 -> 44 | AW28: =N28 -> 9.6 | AY28: =E28 -> 135 | BE28: 32 | BF28: 22 | BG28: 1.1 | BI28: 22 | BJ28: 87 | BK28: 62 | BM28: 345 | BN28: 146 | BO28: 254 | BP28: 12.7 | BR28: 6 | BS28: 68 | BT28: 70 | BU28: 345 | BV28: 283 | BW28: 164 | BX28: 30 | BY28: 337 | BZ28: 298 | CA28: 164 | CB28: 28 | CC28: 345 | CD28: 262 | CE28: 150 | CF28: 8 | CG28: 337 | CH28: 270 | CI28: 149 | CJ28: 11 | CK28: 351 | CL28: 125 | CM28: 84 | CN28: 9 | CO28: 334 | CP28: 263 | CQ28: 130 | CR28: 8 | CS28: 338 | CT28: 270 | CU28: 158 | CV28: 94 | CW28: 340 | CX28: 193 | CY28: 86 | CZ28: 59 | DA28: 326 | DB28: 200 | DC28: 88 | DD28: 63 | DE28: 146 | DF28: 35.4 | DG28: 254 | DH28: 12.7 | DJ28: 7 | DK28: 58 | DL28: 54 | DN28: 343 | DO28: 141 | DP28: 40.61 | DQ28: 23.99 | DR28: 6.17 | DS28: 8 | DT28: 48 | DU28: 51.8 | EE28: 344 | EF28: 138 | EG28: 80 | EH28: 3.4 | EJ28: 9 | EK28: 52 | EL28: 53 | EM28: 137 | EN28: 112 | EO28: 4.7 | EQ28: 9 | ER28: 53 | ES28: 54 | ET28: 343 | EU28: 211 | EV28: 124 | EW28: 0.5 | EX28: 341 | EY28: 0 | EZ28: 0 | FA28: 0 | FB28: 342 | FC28: 211 | FD28: 124.2 | FE28: 3.6 | FF28: 342 | FG28: 0 | FH28: 0 | FI28: 0 | FJ28: 344 | FK28: 196 | FL28: 114.5 | FN28: 344 | FO28: 192 | FP28: 114.4 | FQ28: 11.3 | FR28: 137 | FS28: 107 | FT28: 17.1 | FV28: 137 | GA28: 343 | GB28: 316.97 | GC28: 197.08 | GD28: 16.5 | GE28: 343 | GF28: 339.97 | GG28: 197 | GH28: 21.36 | GI28: 343 | GJ28: 200.17 | GK28: -116.17 | GL28: -18.34 | GM28: 343 | GN28: 183.76 | GO28: -115 | GP28: -25.21 | GQ28: 343 | GR28: 135.26 | GS28: -84.85 | GT28: 3.02 | GU28: 343 | GV28: 149.76 | GW28: -82.92 | GX28: 0 | GZ28: 134KV | HA28: 34KV | HB28: 163 | HC28: 8.15 | HD28: 3.26 | HE28: 8 | HF28: 50 | HG28: 50 | HH28: 134KV | HI28: 34KV | HJ28: 295 | HK28: 14.75 | HL28: 5.9 | HM28: 5 | HN28: 40 | HO28: 40 | HP28: 134KV | HQ28: 34KV | HR28: 146 | HS28: 7.3 | HT28: 3.65 | HU28: 7 | HV28: 50 | HW28: 50 | HY28: 136 | HZ28: 33 | IA28: 92 | IB28: 4.6 | ID28: 2 | IE28: 68 | IF28: 48 | II28: MTT | IJ28: MTT | IK28: MTT | IL28: MTT | IM28: 4 | IN28: 46 | IO28: 45 | IP28: MTT | IQ28: MTT | IR28: MTT | IS28: MTT | IT28: MTT | IU28: 12 | IV28: 45 | IW28: 43 | IY28: 140.8 | IZ28: 35.11 | JA28: 320.88 | JB28: 16.06 | JC28: 7.28 | JD28: 3 | JE28: 67.56 | JF28: 48.24 | JG28: ON | JH28: ON | JI28: ON | JJ28: ON | JK28: ON | JL28: ON | JM28: ON | JN28: ON | JP28: 138 | JQ28: 32.2 | JR28: 0 | JS28: 0 | JT28: 0 | JU28: 2 | JV28: 49 | JW28: 49 | JX28: 138 | JY28: 34.2 | JZ28: 134 | KA28: 7.2 | KB28: 2.7 | KC28: 2 | KD28: 56 | KE28: 55 | KG28: 136 | KH28: 33 | KI28: 75 | KJ28: 4 | KL28: 1 | KM28: 46 | KN28: 46 | KO28: 136 | KP28: 33 | KQ28: 58 | KR28: 3.3 | KT28: 1 | KU28: 46 | KV28: 44 | KX28: 139 | KY28: 33 | KZ28: 77 | LA28: 3.8 | LB28: 2 | LC28: 3 | LD28: 55 | LE28: 55 | LF28: 139 | LG28: 33 | LH28: 253 | LI28: 12.4 | LJ28: 5 | LK28: 5 | LL28: 50 | LM28: 50 | LO28: 345 | LP28: 179 | LQ28: 104 | LR28: 74 | LS28: 335 | LT28: 41 | LU28: 0.5 | LV28: 142 | LW28: 71 | LX28: 53 | LY28: 52 | LZ28: 10 | MA28: 63 | MB28: 10.7 | MC28: 140 | MD28: 108 | ME28: 55 | MF28: 52 | MG28: 8 | MH28: TS | MI28: TS | MJ28: TS | MK28: TS | ML28: 40 | MM28: 38 | MN28: 5 | MT28: 0 | MU28: 3 | MV28: 8 | MW28: 35 | MX28: 30 | MY28: DEFECTIVE | MZ28: 5 | NB28: 16.3 | NC28: 7 | ND28: 291 | NE28: 35 | NF28: 39 | NG28: 39 | NH28: 6 | NJ28: TS | NK28: TS | NL28: TS | NM28: TS | NN28: 45 | NO28: 40 | NP28: 4
A29: 0.66666667 | C29: 50.1 | D29: 341 | E29: 135 | F29: 105 | G29: 23.5 | I29: 6 | J29: 52 | K29: 51 | L29: 141 | M29: 37 | N29: 5.1 | P29: 6 | Q29: 54 | R29: 52 | S29: 345.4 | T29: 167.3 | U29: 97.9 | W29: 378.8 | X29: 125.8 | Y29: 54.7 | AE29: 343.9 | AF29: 623.5 | AG29: 340.5 | AI29: 350.3 | AJ29: 316.6 | AK29: 198.2 | AM29: 343.6 | AN29: 336.2 | AO29: 190.2 | AQ29: =E29 -> 135 | AR29: =F29 -> 105 | AS29: =G29 -> 23.5 | AU29: =L29 -> 141 | AV29: =M29 -> 37 | AW29: =N29 -> 5.1 | AY29: =E29 -> 135 | BE29: 32 | BF29: 18 | BG29: 0.9 | BI29: 22 | BJ29: 87 | BK29: 62 | BM29: 343 | BN29: 146 | BO29: 228 | BP29: 11.4 | BR29: 6 | BS29: 68 | BT29: 70 | BU29: 343 | BV29: 280 | BW29: 162 | BX29: 14 | BY29: 336 | BZ29: 296 | CA29: 164 | CB29: 13 | CC29: 343 | CD29: 272 | CE29: 154 | CF29: 10 | CG29: 336 | CH29: 279 | CI29: 154 | CJ29: 15 | CK29: 350 | CL29: 142 | CM29: 95 | CN29: 6 | CO29: 333 | CP29: 303 | CQ29: 148 | CR29: 14 | CS29: 337 | CT29: 310 | CU29: 177 | CV29: 119 | CW29: 338 | CX29: 161 | CY29: 62 | CZ29: 51 | DA29: 325 | DB29: 168 | DC29: 66 | DD29: 61 | DE29: 146 | DF29: 35 | DG29: 228 | DH29: 11.8 | DJ29: 7 | DK29: 59 | DL29: 54 | DN29: 342 | DO29: 141 | DP29: 38.26 | DQ29: 21.78 | DR29: 5.83 | DS29: 8 | DT29: 48 | DU29: 52.4 | EE29: 342 | EF29: 137 | EG29: 79 | EH29: 3.4 | EJ29: 9 | EK29: 54 | EL29: 54 | EM29: 137 | EN29: 112 | EO29: 4.7 | EQ29: 9 | ER29: 55 | ES29: 54 | ET29: 341 | EU29: 242 | EV29: 139 | EW29: -21.3 | EX29: 339 | EY29: 0 | EZ29: 0 | FA29: 0 | FB29: 339 | FC29: 238 | FD29: 138 | FE29: -10 | FF29: 340 | FG29: 0 | FH29: 0 | FI29: 0 | FJ29: 342 | FK29: 225 | FL29: 129.8 | FN29: 341 | FO29: 222 | FP29: 130.9 | FQ29: -6.6 | FR29: 137 | FS29: 100 | FT29: 15.11 | FV29: 137 | GA29: 343 | GB29: 313.01 | GC29: 196.08 | GD29: 3.52 | GE29: 342 | GF29: 332.79 | GG29: 193.73 | GH29: 6.53 | GI29: 343 | GJ29: 225.82 | GK29: -132.09 | GL29: 0 | GM29: 342 | GN29: 206.77 | GO29: -132.59 | GP29: -7.71 | GQ29: 343 | GR29: 104.48 | GS29: -68.76 | GT29: 0 | GU29: 342 | GV29: 122.95 | GW29: -68.6 | GX29: 0 | GZ29: 134KV | HA29: 34KV | HB29: 35 | HC29: 1.75 | HD29: 0.7 | HE29: 8 | HF29: 50 | HG29: 50 | HH29: 134KV | HI29: 34KV | HJ29: 242 | HK29: 12.1 | HL29: 4.84 | HM29: 5 | HN29: 40 | HO29: 40 | HP29: 134KV | HQ29: 34KV | HR29: 162 | HS29: 8.1 | HT29: 4.05 | HU29: 7 | HV29: 50 | HW29: 50 | HY29: 136 | HZ29: 33 | IA29: 46 | IB29: 2.3 | ID29: 2 | IE29: 68 | IF29: 48 | II29: MTT | IJ29: MTT | IK29: MTT | IL29: MTT | IM29: 4 | IN29: 46 | IO29: 45 | IP29: MTT | IQ29: MTT | IR29: MTT | IS29: MTT | IT29: MTT | IU29: 12 | IV29: 45 | IW29: 43 | IY29: 140.28 | IZ29: 34.88 | JA29: 291.1 | JB29: 14.81 | JC29: 7.19 | JD29: 3 | JE29: 68.46 | JF29: 48.24 | JG29: ON | JH29: ON | JI29: ON | JJ29: ON | JK29: ON | JL29: ON | JM29: ON | JN29: ON | JP29: 137 | JQ29: 32.2 | JR29: 0 | JS29: 0 | JT29: 0 | JU29: 2 | JV29: 50 | JW29: 48 | JX29: 137 | JY29: 34.2 | JZ29: 130 | KA29: 6.8 | KB29: 2.6 | KC29: 2 | KD29: 55 | KE29: 54 | KG29: 136 | KH29: 33 | KI29: 55 | KJ29: 2.9 | KL29: 1 | KM29: 46 | KN29: 46 | KO29: 136 | KP29: 33 | KQ29: 55 | KR29: 3.1 | KT29: 1 | KU29: 46 | KV29: 44 | KX29: 135 | KY29: 33 | KZ29: 214 | LA29: 10.5 | LB29: 2 | LC29: 3 | LD29: 55 | LE29: 55 | LF29: 135 | LG29: 33 | LH29: 169 | LI29: 8.3 | LJ29: 5 | LK29: 5 | LL29: 54 | LM29: 54 | LO29: 344 | LP29: 186 | LQ29: 106 | LR29: 73 | LS29: 333 | LT29: 41 | LU29: 1.6 | LV29: 141 | LW29: 72 | LX29: 53 | LY29: 52 | LZ29: 10 | MA29: 65 | MB29: 8.9 | MC29: 139 | MD29: 114 | ME29: 56 | MF29: 52 | MG29: 8 | MH29: TS | MI29: TS | MJ29: TS | MK29: TS | ML29: 40 | MM29: 38 | MN29: 5 | MT29: 7 | MU29: 0 | MV29: 119 | MW29: 35 | MX29: 30 | MY29: DEFECTIVE | MZ29: 5 | NB29: 10 | NC29: 4 | ND29: 178 | NE29: 35 | NF29: 39 | NG29: 39 | NH29: 6 | NJ29: TS | NK29: TS | NL29: TS | NM29: TS | NN29: 45 | NO29: 40 | NP29: 4
A30: 0.70833333 | C30: 50.34 | D30: 335 | E30: 133 | F30: 132 | G30: 28.1 | I30: 6 | J30: 52 | K30: 51 | L30: 138 | M30: 58 | N30: 14.3 | P30: 6 | Q30: 54 | R30: 52 | S30: 338.7 | T30: 170.4 | U30: 98.5 | W30: 371.5 | X30: 123.4 | Y30: 55.3 | AE30: 341.3 | AF30: 677.8 | AG30: 377 | AI30: 347.4 | AJ30: 321 | AK30: 195.3 | AM30: 339.8 | AN30: 342.3 | AO30: 186.7 | AQ30: =E30 -> 133 | AR30: =F30 -> 132 | AS30: =G30 -> 28.1 | AU30: =L30 -> 138 | AV30: =M30 -> 58 | AW30: =N30 -> 14.3 | AY30: =E30 -> 133 | BE30: 32 | BF30: 520 | BG30: 8.7 | BI30: 22 | BJ30: 87 | BK30: 62 | BM30: 343 | BN30: 146 | BO30: 165 | BP30: 8.3 | BR30: 6 | BS30: 69 | BT30: 70 | BU30: 343 | BV30: 280 | BW30: 163 | BX30: 17 | BY30: 336 | BZ30: 296 | CA30: 164 | CB30: 14 | CC30: 344 | CD30: 268 | CE30: 158 | CF30: 12 | CG30: 337 | CH30: 264 | CI30: 151 | CJ30: 8 | CK30: 350 | CL30: 141 | CM30: 94 | CN30: 6 | CO30: 334 | CP30: 285 | CQ30: 140 | CR30: 6 | CS30: 337 | CT30: 289 | CU30: 169 | CV30: 101 | CW30: 339 | CX30: 166 | CY30: 70 | CZ30: 51 | DA30: 325 | DB30: 171 | DC30: 73 | DD30: 56 | DE30: 146 | DF30: 35.3 | DG30: 165 | DH30: 8.3 | DJ30: 7 | DK30: 60 | DL30: 54 | DN30: 341 | DO30: 141 | DP30: 38.62 | DQ30: 22.32 | DR30: 6.22 | DS30: 8 | DT30: 48 | DU30: 51.9 | EE30: 341 | EF30: 137 | EG30: 88 | EH30: 3.7 | EJ30: 9 | EK30: 54 | EL30: 53 | EM30: 137 | EN30: 113 | EO30: 4.7 | EQ30: 9 | ER30: 54 | ES30: 54 | ET30: 341 | EU30: 212 | EV30: 124 | EW30: -9.7 | EX30: 338 | EY30: 0 | EZ30: 0 | FA30: 0 | FB30: 339 | FC30: 209 | FD30: 122.3 | FE30: 2.6 | FF30: 338 | FG30: 0 | FH30: 0 | FI30: 0 | FJ30: 341 | FK30: 200 | FL30: 115.4 | FN30: 341 | FO30: 194 | FP30: 115.6 | FQ30: 5.4 | FR30: 137 | FS30: 96 | FT30: 14.51 | FV30: 137 | GA30: 342 | GB30: 303.48 | GC30: 190.38 | GD30: 19.01 | GE30: 342 | GF30: 325.17 | GG30: 189.21 | GH30: 22.95 | GI30: 342 | GJ30: 198.42 | GK30: -115.33 | GL30: -12.98 | GM30: 342 | GN30: 182.74 | GO30: -115.25 | GP30: -19.35 | GQ30: 342 | GR30: 121.77 | GS30: -77.14 | GT30: -4.02 | GU30: 342 | GV30: 134.04 | GW30: -71.95 | GX30: -2.85 | GZ30: 134KV | HA30: 34KV | HB30: 124 | HC30: 6.2 | HD30: 2.48 | HE30: 8 | HF30: 50 | HG30: 50 | HH30: 134KV | HI30: 34KV | HJ30: 194 | HK30: 9.7 | HL30: 3.88 | HM30: 5 | HN30: 40 | HO30: 40 | HP30: 134KV | HQ30: 34KV | HR30: 250 | HS30: 12.5 | HT30: 6.25 | HU30: 7 | HV30: 50 | HW30: 50 | HY30: 136 | HZ30: 33 | IA30: 44 | IB30: 2.2 | ID30: 2 | IE30: 68 | IF30: 48 | II30: MTT | IJ30: MTT | IK30: MTT | IL30: MTT | IM30: 4 | IN30: 44 | IO30: 42 | IP30: MTT | IQ30: MTT | IR30: MTT | IS30: MTT | IT30: MTT | IU30: 12 | IV30: 42 | IW30: 40 | IY30: 140.01 | IZ30: 35 | JA30: 305.06 | JB30: 15.26 | JC30: 7.38 | JD30: 3 | JE30: 68.46 | JF30: 48.24 | JG30: ON | JH30: ON | JI30: ON | JJ30: ON | JK30: ON | JL30: ON | JM30: ON | JN30: ON | JP30: 136 | JQ30: 32.1 | JR30: 0 | JS30: 0 | JT30: 0 | JU30: 2 | JV30: 48 | JW30: 47 | JX30: 136 | JY30: 34.2 | JZ30: 125 | KA30: 6.6 | KB30: 2.4 | KC30: 2 | KD30: 55 | KE30: 53 | KG30: 135 | KH30: 32 | KI30: 114 | KJ30: 5.9 | KL30: 1 | KM30: 46 | KN30: 46 | KO30: 135 | KP30: 32 | KQ30: DS | KR30: DS | KT30: 1 | KU30: 46 | KV30: 44 | KX30: 137 | KY30: 33 | KZ30: 271 | LA30: 9.9 | LB30: 2 | LC30: 3 | LD30: 55 | LE30: 55 | LF30: 137 | LG30: 33 | LH30: 269 | LI30: 13.2 | LJ30: 5 | LK30: 5 | LL30: 54 | LM30: 54 | LO30: 341 | LP30: 219 | LQ30: 123 | LR30: 72 | LS30: 330 | LT30: 55 | LU30: 10 | LV30: 139 | LW30: 100 | LX30: 55 | LY30: 53 | LZ30: 10 | MA30: 68 | MB30: 13 | MC30: 138 | MD30: 119 | ME30: 57 | MF30: 52 | MG30: 8 | MH30: TS | MI30: TS | MJ30: TS | MK30: TS | ML30: 40 | MM30: 38 | MN30: 5 | MT30: 9 | MU30: 1 | MV30: 160 | MW30: 35 | MX30: 30 | MY30: DEFECTIVE | MZ30: 5 | NB30: 10 | NC30: 4 | ND30: 178 | NE30: 35 | NF30: 39 | NG30: 39 | NH30: 6 | NJ30: TS | NK30: TS | NL30: TS | NM30: TS | NN30: 45 | NO30: 40 | NP30: 4
A31: 0.75 | C31: 50.42 | D31: 338 | E31: 135 | F31: 116 | G31: 25.1 | I31: 6 | J31: 48 | K31: 47 | L31: 140 | M31: 129 | N31: 31.4 | P31: 6 | Q31: 56 | R31: 50 | S31: 346.1 | T31: 182.3 | U31: 101.4 | W31: 379.4 | X31: 147.5 | Y31: 68.2 | AA31: 345.7 | AB31: 354.7 | AC31: 236.3 | AE31: 345.4 | AF31: 396.1 | AG31: 213.2 | AI31: 351.8 | AJ31: 326.2 | AK31: 211.9 | AM31: 344.4 | AN31: 341.2 | AO31: 197.4 | AQ31: =E31 -> 135 | AR31: =F31 -> 116 | AS31: =G31 -> 25.1 | AU31: =L31 -> 140 | AV31: =M31 -> 129 | AW31: =N31 -> 31.4 | AY31: =E31 -> 135 | BE31: 32 | BF31: 485 | BG31: 8.1 | BI31: 22 | BJ31: 85 | BK31: 55 | BM31: 345 | BN31: 145 | BO31: 207 | BP31: 10.2 | BR31: 6 | BS31: 69 | BT31: 70 | BU31: 345 | BV31: 284 | BW31: 162 | BX31: 34 | BY31: 337 | BZ31: 300 | CA31: 165 | CB31: 33 | CC31: 345 | CD31: 266 | CE31: 160 | CF31: 12 | CG31: 338 | CH31: 262 | CI31: 154 | CJ31: 6 | CK31: 351 | CL31: 128 | CM31: 116 | CN31: 8 | CO31: 335 | CP31: 266 | CQ31: 131 | CR31: 9 | CS31: 338 | CT31: 279 | CU31: 172 | CV31: 82 | CW31: 340 | CX31: 186 | CY31: 88 | CZ31: 54 | DA31: 327 | DB31: 190 | DC31: 90 | DD31: 53 | DE31: 146 | DF31: 35.3 | DG31: 207 | DH31: 10.2 | DJ31: 7 | DK31: 60 | DL31: 54 | DN31: 343 | DO31: 141 | DP31: 43.3 | DQ31: 24.54 | DR31: 6.32 | DS31: 8 | DT31: 47 | DU31: 51 | EE31: 343 | EF31: 138 | EG31: 71 | EH31: 3 | EJ31: 9 | EK31: 51 | EL31: 54 | EM31: 138 | EN31: 111 | EO31: 4.6 | EQ31: 9 | ER31: 52 | ES31: 54 | ET31: 342 | EU31: 215 | EV31: 123.7 | EW31: -20.1 | EX31: 341 | EY31: 0 | EZ31: 0 | FA31: 0 | FB31: 342 | FC31: 212 | FD31: 123.2 | FE31: -7.4 | FF31: 342 | FG31: 0 | FH31: 0 | FI31: 0 | FJ31: 343 | FK31: 200 | FL31: 116.6 | FN31: 343 | FO31: 198 | FP31: 117.5 | FQ31: -3.6 | FR31: 138 | FS31: 87 | FT31: 12.11 | FV31: 138 | GA31: 343 | GB31: 332.35 | GC31: 207.72 | GD31: 12.14 | GE31: 342 | GF31: 346.57 | GG31: 202.27 | GH31: 16.08 | GI31: 342 | GJ31: 199.88 | GK31: -116.84 | GL31: -4.61 | GM31: 342 | GN31: 183.61 | GO31: -117.43 | GP31: -10.3 | GQ31: 343 | GR31: 139.8 | GS31: -188.11 | GT31: -4.86 | GU31: 342 | GV31: 150.06 | GW31: -86.44 | GX31: -6.2 | GZ31: 134KV | HA31: 34KV | HB31: 132 | HC31: 6.6 | HD31: 2.64 | HE31: 8 | HF31: 50 | HG31: 50 | HH31: 134KV | HI31: 34KV | HJ31: 195 | HK31: 9.75 | HL31: 3.9 | HM31: 5 | HN31: 40 | HO31: 40 | HP31: 134KV | HQ31: 34KV | HR31: 249 | HS31: 12.45 | HT31: 6.225 | HU31: 7 | HV31: 50 | HW31: 50 | HY31: 136 | HZ31: 33 | IA31: 44 | IB31: 2.2 | ID31: 2 | IE31: 68 | IF31: 48 | IH31: 139 | II31: 33.6 | IJ31: 136 | IK31: 6.7 | IL31: 7.7 | IM31: 4 | IN31: 44 | IO31: 42 | IP31: 139 | IQ31: 33.3 | IR31: 136 | IS31: 7.3 | IT31: 7.9 | IU31: 12 | IV31: 42 | IW31: 40 | IY31: 140.58 | IZ31: 35.04 | JA31: 335.26 | JB31: 16.77 | JC31: 7.85 | JD31: 3 | JE31: 68.46 | JF31: 48.24 | JG31: ON | JH31: ON | JI31: ON | JJ31: ON | JK31: ON | JL31: ON | JM31: ON | JN31: ON | JP31: 136 | JQ31: 32.5 | JR31: 0 | JS31: 0 | JT31: 0 | JU31: 2 | JV31: 47 | JW31: 47 | JX31: 136 | JY31: 34.5 | JZ31: 123 | KA31: 6.5 | KB31: 2.3 | KC31: 2 | KD31: 53 | KE31: 52 | KG31: 137 | KH31: 33 | KI31: 70 | KJ31: 3.6 | KL31: 1 | KM31: 48 | KN31: 48 | KO31: 137 | KP31: 33 | KQ31: DS | KR31: DS | KT31: 1 | KU31: 48 | KV31: 46 | KX31: 131 | KY31: 33 | KZ31: 196 | LA31: 9.6 | LB31: 2 | LC31: 3 | LD31: 55 | LE31: 55 | LF31: 131 | LG31: 33 | LH31: 240 | LI31: 11.8 | LJ31: 5 | LK31: 5 | LL31: 54 | LM31: 54 | LO31: 344 | LP31: 196 | LQ31: 113 | LR31: 73 | LS31: 333 | LT31: 57 | LU31: 10 | LV31: 140 | LW31: 102 | LX31: 55 | LY31: 53 | LZ31: 10 | MA31: 56 | MB31: 14 | MC31: 139 | MD31: 94 | ME31: 56 | MF31: 52 | MG31: 8 | MH31: TS | MI31: TS | MJ31: TS | MK31: TS | ML31: 40 | MM31: 38 | MN31: 5 | MT31: 9 | MU31: 1 | MV31: 158 | MW31: 35 | MX31: 30 | MY31: DEFECTIVE | MZ31: 5 | NB31: 14 | NC31: 6 | ND31: 255 | NE31: 35 | NF31: 39 | NG31: 39 | NH31: 6 | NJ31: TS | NK31: TS | NL31: TS | NM31: TS | NN31: 45 | NO31: 40 | NP31: 4
A32: 0.79166667 | C32: 50.19 | D32: 339 | E32: 134 | F32: 136 | G32: 29.1 | I32: 6 | J32: 48 | K32: 47 | L32: 138 | M32: 148 | N32: 35.1 | P32: 6 | Q32: 56 | R32: 49 | S32: 342.9 | T32: 213.6 | U32: 124.4 | W32: 376.2 | X32: 157.9 | Y32: 89.2 | AA32: 342.8 | AB32: 374.6 | AC32: 246.3 | AE32: 342.1 | AF32: 419.1 | AG32: 223.6 | AI32: 348.6 | AJ32: 361.9 | AK32: 228.2 | AM32: 341.1 | AN32: 385.4 | AO32: 217.7 | AQ32: =E32 -> 134 | AR32: =F32 -> 136 | AS32: =G32 -> 29.1 | AU32: =L32 -> 138 | AV32: =M32 -> 148 | AW32: =N32 -> 35.1 | AY32: =E32 -> 134 | BE32: 32 | BF32: 463 | BG32: 7.7 | BI32: 22 | BJ32: 85 | BK32: 55 | BM32: 344 | BN32: 146 | BO32: 222 | BP32: 11.1 | BR32: 6 | BS32: 69 | BT32: 70 | BU32: 344 | BV32: 343 | BW32: 202 | BX32: 33 | BY32: 337 | BZ32: 366 | CA32: 202 | CB32: 31 | CC32: 344 | CD32: 282 | CE32: 162 | CF32: 6 | CG32: 337 | CH32: 288 | CI32: 160 | CJ32: 8 | CK32: 351 | CL32: 146 | CM32: 96 | CN32: 6 | CO32: 334 | CP32: 300 | CQ32: 148 | CR32: 8 | CS32: 337 | CT32: 308 | CU32: 188 | CV32: 96 | CW32: 341 | CX32: 186 | CY32: 91 | CZ32: 54 | DA32: 327 | DB32: 192 | DC32: 93 | DD32: 50 | DE32: 146 | DG32: 222 | DH32: 11.1 | DJ32: 7 | DK32: 60 | DL32: 54 | DN32: 344 | DO32: 141 | DP32: 34.83 | DQ32: 20.31 | DR32: 4.74 | DS32: 8 | DT32: 46 | DU32: 49.8 | EE32: 341 | EF32: 137 | EG32: 67 | EH32: 2.8 | EJ32: 9 | EK32: 50 | EL32: 53 | EM32: 137 | EN32: 114 | EO32: 4.8 | EQ32: 9 | ER32: 48 | ES32: 50 | ET32: 341 | EU32: 216 | EV32: 124.4 | EW32: -17.2 | EX32: 339 | EY32: 0 | EZ32: 0 | FA32: 0 | FB32: 338 | FC32: 214 | FD32: 123.7 | FE32: -6 | FF32: 338 | FG32: 0 | FH32: 0 | FI32: 0 | FJ32: 339 | FK32: 203 | FL32: 117.2 | FN32: 341 | FO32: 185 | FP32: 118.1 | FQ32: -1.8 | FR32: 137 | FS32: 81 | FT32: 14.3 | FV32: 137 | GA32: 339 | GB32: 347.59 | GC32: 215.17 | GD32: 19.26 | GE32: 339 | GF32: 364.3 | GG32: 211.15 | GH32: 20.69 | GI32: 340 | GJ32: 203.84 | GK32: -118.68 | GL32: -2.76 | GM32: 340 | GN32: 188.74 | GO32: -118.77 | GP32: -10.89 | GQ32: 340 | GR32: 156.07 | GS32: -97.24 | GT32: -11.06 | GU32: 340 | GV32: 163.1 | GW32: -93.22 | GX32: -12.06 | GZ32: 134KV | HA32: 34KV | HB32: 112 | HC32: 5.6 | HD32: 2.24 | HE32: 8 | HF32: 52 | HG32: 49 | HH32: 134KV | HI32: 34KV | HJ32: 310 | HK32: 15.5 | HL32: 6.2 | HM32: 5 | HN32: 45 | HO32: 45 | HP32: 134KV | HQ32: 34KV | HR32: 261 | HS32: 13.05 | HT32: 6.525 | HU32: 7 | HV32: 51 | HW32: 51 | HY32: 136 | HZ32: 33 | IA32: 32 | IB32: 1.6 | ID32: 2 | IE32: 64 | IF32: 44 | IH32: 135 | II32: 32.9 | IJ32: 232 | IK32: 11.5 | IL32: 12.6 | IM32: 6 | IN32: 44 | IO32: 42 | IP32: 135 | IQ32: 31.9 | IR32: 228 | IS32: 11.4 | IT32: 12.4 | IU32: 12 | IV32: 42 | IW32: 40 | IY32: 140.83 | IZ32: 35.3 | JA32: 332.94 | JB32: 12.53 | JC32: 5.71 | JD32: 3 | JE32: 65.79 | JF32: 52.36 | JG32: ON | JH32: ON | JI32: ON | JJ32: ON | JK32: ON | JL32: ON | JM32: ON | JN32: ON | JP32: 137 | JQ32: 32.5 | JR32: 0 | JS32: 0 | JT32: 0 | JU32: 2 | JV32: 44 | JW32: 44 | JX32: 137 | JY32: 34.2 | JZ32: 148 | KA32: 8 | KB32: 3.1 | KC32: 2 | KD32: 51 | KE32: 50 | KG32: 136 | KH32: 33 | KI32: 63 | KJ32: 3.2 | KL32: 1 | KM32: 48 | KN32: 48 | KO32: 136 | KP32: 33 | KQ32: DS | KR32: DS | KT32: 1 | KU32: 48 | KV32: 46 | KX32: 136 | KY32: 33 | KZ32: 104 | LA32: 5.1 | LB32: 2 | LC32: 3 | LD32: 55 | LE32: 55 | LF32: 136 | LG32: 33 | LH32: 257 | LI32: 12.6 | LJ32: 5 | LK32: 5 | LL32: 54 | LM32: 54 | LO32: 346 | LP32: 190 | LQ32: 106 | LR32: 74 | LS32: 334 | LT32: 41 | LU32: 0.9 | LV32: 142 | LW32: 73 | LX32: 54 | LY32: 52 | LZ32: 10 | MA32: 65 | MB32: 12.5 | MC32: 140 | MD32: 117 | ME32: 56 | MF32: 52 | MG32: 8 | MH32: TS | MI32: TS | MJ32: TS | MK32: TS | ML32: 40 | MM32: 40 | MN32: 5 | MT32: 9 | MU32: 3 | MV32: 152 | MW32: 36 | MX32: 36 | MY32: DEFECTIVE | MZ32: 5 | NB32: 8.2 | NC32: 3.5 | ND32: 148 | NE32: 35 | NF32: 46 | NG32: 45 | NH32: 6 | NJ32: TS | NK32: TS | NL32: TS | NM32: TS | NN32: 48 | NO32: 46 | NP32: 4
A33: 0.83333333 | C33: 50.14 | D33: 340 | E33: 134 | F33: 119 | G33: 25.6 | I33: 6 | J33: 48 | K33: 47 | L33: 138 | M33: 77 | N33: 20.6 | P33: 6 | Q33: 56 | R33: 49 | S33: 343.3 | T33: 220.2 | U33: 129.8 | W33: 375.6 | X33: 166.3 | Y33: 98.8 | AA33: 343.7 | AB33: 371.8 | AC33: 245.1 | AE33: 343.5 | AF33: 419.7 | AG33: 224.6 | AI33: 348.7 | AJ33: 364.2 | AK33: 229.8 | AM33: 341.2 | AN33: 377.1 | AO33: 213.4 | AQ33: =E33 -> 134 | AR33: =F33 -> 119 | AS33: =G33 -> 25.6 | AU33: =L33 -> 138 | AV33: =M33 -> 77 | AW33: =N33 -> 20.6 | AY33: =E33 -> 134 | BE33: 0 | BF33: 0 | BG33: 0 | BI33: 22 | BJ33: 85 | BK33: 55 | BM33: 344 | BN33: 146 | BO33: 262 | BP33: 13.1 | BR33: 6 | BS33: 69 | BT33: 70 | BU33: 344 | BV33: 355 | BW33: 205 | BX33: 26 | BY33: 336 | BZ33: 373 | CA33: 206 | CB33: 28 | CC33: 344 | CD33: 280 | CE33: 160 | CF33: 6 | CG33: 337 | CH33: 283 | CI33: 157 | CJ33: 7 | CK33: 351 | CL33: 165 | CM33: 110 | CN33: 1 | CO33: 335 | CP33: 332 | CQ33: 165 | CR33: 2 | CS33: 337 | CT33: 313 | CU33: 190 | CV33: 93 | CW33: 340 | CX33: 175 | CY33: 82 | CZ33: 51 | DA33: 326 | DB33: 181 | DC33: 84 | DD33: 53 | DE33: 146 | DF33: 35.3 | DG33: 262 | DH33: 13.1 | DJ33: 7 | DK33: 60 | DL33: 54 | DN33: 342 | DO33: 141 | DP33: 43.07 | DQ33: 24.42 | DR33: 5.78 | DS33: 8 | DT33: 46 | DU33: 49.5 | EE33: 341 | EF33: 137 | EG33: 69 | EH33: 2.8 | EJ33: 9 | EK33: 49 | EL33: 52 | EM33: 137 | EN33: 119 | EO33: 5.1 | EQ33: 9 | ER33: 49 | ES33: 52 | ET33: 341 | EU33: 239 | EV33: 139 | EW33: -8.9 | EX33: 340 | EY33: 0 | EZ33: 0 | FA33: 0 | FB33: 339 | FC33: 238 | FD33: 137.8 | FE33: -9.5 | FF33: 339 | FG33: 0 | FH33: 0 | FI33: 0 | FJ33: 339 | FK33: 226 | FL33: 128.6 | FN33: 341 | FO33: 203 | FP33: 129.3 | FQ33: 0 | FR33: 137 | FS33: 101 | FT33: 17.4 | FV33: 137 | GA33: 339 | GB33: 350.96 | GC33: 218.52 | GD33: 20.52 | GE33: 340 | GF33: 371.48 | GG33: 215.59 | GH33: 23.54 | GI33: 341 | GJ33: 222.15 | GK33: -129.32 | GL33: -5.53 | GM33: 341 | GN33: 204.28 | GO33: -129.32 | GP33: -12.9 | GQ33: 341 | GR33: 146.69 | GS33: -93.31 | GT33: -8.21 | GU33: 341 | GV33: 165.44 | GW33: -94.31 | GX33: -9.8 | GZ33: 134KV | HA33: 34KV | HB33: 134 | HC33: 6.7 | HD33: 2.68 | HE33: 8 | HF33: 52 | HG33: 49 | HH33: 134KV | HI33: 34KV | HJ33: 237 | HK33: 11.85 | HL33: 4.74 | HM33: 5 | HN33: 48 | HO33: 47 | HP33: 134KV | HQ33: 34KV | HR33: 254 | HS33: 12.7 | HT33: 6.35 | HU33: 7 | HV33: 51 | HW33: 51 | HY33: 136 | HZ33: 33 | IA33: 64 | IB33: 3.2 | ID33: 2 | IE33: 64 | IF33: 44 | IH33: 137 | II33: 33 | IJ33: 262 | IK33: 13.1 | IL33: 14.6 | IM33: 6 | IN33: 44 | IO33: 42 | IP33: 137 | IQ33: 34.2 | IR33: 5 | IS33: 0.1 | IT33: 0.3 | IU33: 12 | IV33: 42 | IW33: 40 | IY33: 140.44 | IZ33: 35.08 | JA33: 333.42 | JB33: 16.68 | JC33: 6.92 | JD33: 3 | JE33: 89.78 | JF33: 50.47 | JG33: ON | JH33: ON | JI33: ON | JJ33: ON | JK33: ON | JL33: ON | JM33: ON | JN33: ON | JP33: 136 | JQ33: 32.2 | JR33: 0 | JS33: 0 | JT33: 0 | JU33: 2 | JV33: 42 | JW33: 42 | JX33: 136 | JY33: 33.8 | JZ33: 154 | KA33: 5.3 | KB33: 3 | KC33: 2 | KD33: 49 | KE33: 49 | KG33: 136 | KH33: 33 | KI33: 106 | KJ33: 5.8 | KL33: 1 | KM33: 48 | KN33: 48 | KO33: 136 | KP33: 33 | KQ33: DS | KR33: DS | KT33: 1 | KU33: 48 | KV33: 46 | KX33: 134 | KY33: 33 | KZ33: 197 | LA33: 9.7 | LB33: 3 | LC33: 3 | LD33: 51 | LE33: 52 | LF33: 134 | LG33: 33 | LH33: 267 | LI33: 13.1 | LJ33: 5 | LK33: 5 | LL33: 52 | LM33: 50 | LO33: 345 | LP33: 194 | LQ33: 106 | LR33: 74 | LS33: 334 | LT33: 45 | LU33: 3.2 | LV33: 142 | LW33: 82 | LX33: 54 | LY33: 51 | LZ33: 10 | MA33: 61 | MB33: 14.3 | MC33: 139 | MD33: 112 | ME33: 56 | MF33: 52 | MG33: 8 | MH33: TS | MI33: TS | MJ33: TS | MK33: TS | ML33: 44 | MM33: 40 | MN33: 5 | MT33: 4.5 | MU33: 1 | MV33: 80 | MW33: 36 | MX33: 36 | MY33: DEFECTIVE | MZ33: 5 | NB33: 8 | NC33: 3.4 | ND33: 142 | NE33: 35 | NF33: 46 | NG33: 45 | NH33: 6 | NJ33: TS | NK33: TS | NL33: TS | NM33: TS | NN33: 48 | NO33: 46 | NP33: 4
